hashtag,nonrumour,rumour
,5,1
BBCBreakfast,4,1
COVID19‚Äîdeserve,1,0
ParksAndRec,1,0
Massachusetts,1,0
organic,1,0
Trump?,0,1
1000xworse,1,0
AfricaWakeUp,1,0
USMLE,1,0
TestKitScam,1,0
OSH20,1,0
corononavirus,0,1
CountryOverParty,1,0
TRE45ON,0,1
covid19ontario,2,0
fintech,1,0
netde,1,0
Modi‚Äôs,0,1
eNCA,4,1
carrielam‚Äôs,1,0
AbujaTwitterCommunity,1,0
RoyalFreeLondon,1,0
Ravish_Kumar,1,0
Rennes,1,0
COVID19APHELP,1,0
video,1,0
PubsOpening,1,0
startsmall,1,0
Patanjali,2,0
Lagos,2,0
abc730,1,0
‡§µ‡§ø‡§¶‡•ç‡§Ø‡§æ‡§∞‡•ç‡§•‡•ç‡§Ø‡§æ‡§Ç‡§ö‡§æ‡§Æ‡§®‡§∏‡•á‡§Ü‡§µ‡§æ‡§ú,1,0
Budget2020,0,1
JI,1,0
CowUrine.,1,0
PeakWeek,1,0
MaskUpUtah!,1,0
buyapaper.,1,0
USMCA‚Äîto,1,0
releasethedata,1,0
AdninBercerita,1,0
SocialDistancingNow,0,1
SocialDistance,1,0
BloodOnTheirHands,1,0
TrumpRecession,1,0
GavinNewsom,1,0
JantaCurfew,2,1
RubyPrincess?,0,1
contesttime,1,0
alpolitics,1,0
love,1,0
Day10,1,0
sapsNC,0,1
"CoronavirusPandemic,",0,1
conspiracy,1,0
coronavirusireland,1,0
"Turkey,",1,0
MedEd,2,0
PPENow,1,0
indiraGandhi,1,0
Hajj,1,0
BAStopThinkAgain,0,1
AKATV,0,1
policereform.,0,1
CoronaVirusAfghanistan,1,0
moneylinewithNancy,1,0
VoteBiden,1,0
AskCaptain.,1,0
KeepingYouAlive,1,0
seniors,2,0
Pandemic,2,0
TariqJamil's,1,0
StatueOfDisplacement,0,1
IndiaUnitedAgainstCovid,1,0
AMRstaff,1,0
UMich,0,1
selectionbias.,1,0
Precautions,2,0
KSATnews,2,0
CoronaDon,1,0
JUST,1,0
withme,1,0
healthequity,1,0
HelloWorld,1,0
TaiwanModel,1,1
grief,1,0
CoronaCrisis,1,0
EveryDeathCounts,1,0
RENTRELIEF.,1,0
TexasCovid19,2,0
"Cummings,",1,0
BengalRejectsAmitShah,1,0
Keralafightscovid,1,0
Democratic,1,0
LUTH,1,0
TIMS,1,0
IMFAfrica,3,0
STAYSAFEUG,3,0
TestTraceIsolate,2,0
MaskUpArizona,1,0
"Hydroxychloroquine,",1,0
NHSBirthday,1,0
PMCARES,2,0
VirtualParliament,1,0
kleague,1,0
Millenials.,1,0
"HarvardUniversity,",1,0
TakeResponsibility,12,0
coronavirususa,1,0
breaking,0,1
cpcldr,1,0
dairyconsultants,1,0
LockdownDiaries,1,0
"COVID19.""",0,1
FlattenTheCurve,5,0
ANALYSIS:,2,0
Ukweliwamambo,1,0
61mps,1,0
CoronaVirusCanada,1,0
antibodies,1,1
TrumpPressConf,2,0
Trump.,0,1
WorldImmunizationWeek!,1,0
BlackLivesMattters,2,0
"coronavirus,",36,5
JT13H,1,0
cmgsees,1,0
Ottawa,1,0
mondaythoughts,3,2
Tenet,1,0
StopTheSpread,4,2
love&amp;care,1,0
COVIDKindness,1,0
WuhanVirus.,1,0
AcademicTwitter,2,0
KarensGoneWild,1,2
COP26,2,0
thermalimaging,1,0
CoronavirusSA,1,0
nolitimere,1,0
BREAKIKG:,1,0
14DayLockDown,1,0
StayHomeStaySafe,5,1
dbresearch,1,0
HermanCain‚Äôs,1,0
OneVoice1,4,2
quedateentucasa,1,0
Drogba,1,0
PM‡§ï‡§æ_‡§¶‡•á‡§∂_‡§ï‡•ã_‡§ß‡•ã‡§ñ‡§æ,1,0
TrumpDeathToll100K,2,0
60Minutes,1,0
Medicaid,1,0
DohKyungsoo,1,0
survivor,1,0
MiamiMarlins,0,1
MCO,0,1
COVIDIDIOT,1,0
education,1,0
TheDivide,1,0
NoSchool,1,0
maga,2,0
GSTFreeCorona,1,0
Bauchi,1,0
PMQS,1,0
"MannKiBaat,",1,0
HalloweenEnds,1,0
EASA,1,0
kemitalks,1,0
ExamFever,0,1
ContestAlert,3,0
COVIDCanada,1,0
TrumpPlague,0,1
Fauci,2,0
‡§¶‡§ø‡§≤‡•ç‡§≤‡•Ä_‡§ú‡§®_‡§∏‡§Ç‡§µ‡§æ‡§¶,1,0
"covid19,",1,0
BreakingNews,1,0
TrumpBudget,1,0
COVID-19,9,0
Tulsa,0,2
HomeInstead,1,0
IITJAM,0,1
MotoGP,1,0
yeg,2,0
CovidNGR,1,0
70days,0,1
gavinwilliamson,1,0
"EarthDay,",1,0
"Mexicans,",0,1
PopeFrancis,2,0
"Florida,",2,0
"H1N1,",1,0
Boris,1,0
abed,1,1
FuneralsinLockdownLevel3,1,0
TrumpTulsaRally,1,1
longreads,0,1
JournalismIsDead,1,0
JusticeForGeorgeFloyd,1,0
Chine.,1,0
banbullfighting,1,0
032,1,0
TrumpPandemicFailure,1,0
NCDCFailedKano,1,0
"HeroesAct,",2,0
ukcoronavirus,1,0
doffing.,1,0
MexicoSaludable,1,0
pmtrudeau,1,0
COVID19--,1,0
fakenews.,0,1
HomesAtTheHeart,1,0
InThisTogether,5,1
ableg,2,1
employment,1,0
SwissCovid,0,1
democracy2020,1,0
TheFive,0,1
YourHealthOurPriority,1,0
CoronavirusOutbreakindia,1,0
CloseThePubs,0,1
VoteBlue,1,0
clustertrump,0,1
Day13OfLockdown,1,0
world,1,0
covid19SA,1,0
Houston,2,0
Day5,1,0
dlaminizuma,1,0
Muslims,0,1
mobility,1,0
CoronavirusLockdown,4,0
WHO,5,0
Atleti,1,0
WeveGotACountryToSave,1,0
PaulRyan,0,1
AcedTheCognitiveTestBy,1,0
Saudi,1,0
wearamask,1,0
Madagascar‚Äôs,1,0
MajorLeagueBaseballMLB,0,1
StopAiringTrumpNow,0,1
KidViciousü§¶üèª‚Äç‚ôÇÔ∏è,0,1
CdnTax,2,0
htx,0,1
smallbiz.,1,0
N95,1,0
TrumpResignNow,1,1
ConspiracyTheory,1,0
VoteBlueToEndThisNightmareüó£,0,1
World,2,0
CoronavirusPandemic,27,5
Dolce&amp;Gabbana,1,0
CovidVic,1,0
KIITKISSFightsCovid19,1,0
moleg,1,1
AmyKlobuchar,1,0
SNP,1,0
Kerala's,1,0
antibodytest,1,0
WFH,1,0
Hannity...,0,1
Hydroxychloroquine.,1,1
Odisha‚Äôs,1,0
ContestIndia,3,0
drharryconsultants,1,0
Rwanda,2,0
NationalDoctorsDay.,1,0
coronavirusoutbreak,1,0
BangkokPost,1,0
ExtendTransition,1,0
SonuSood,1,0
ObamaWasBetterAtEverything,0,1
FIRSTFFC,0,1
recipe,1,0
DonnieDeathToll,1,0
VaccinesWork!,1,0
newyork,1,0
essentialgoods,0,1
power,1,0
NoRA,1,0
COVIDBC,1,0
CoronaVirusUpdates,2,0
SF.,1,0
"remdesivir,",1,0
COVID19Nigeria,8,0
MassTesting,5,0
Pune-based,1,0
copreps,1,0
Newzroom405,1,0
Coronavirus:,5,0
China,29,2
Democrats,0,1
blessingscounts,1,0
DrewBrees,1,0
news,2,0
unemployment,1,0
CovIdiots,1,0
COVIDConversations,2,0
Pakistan.,1,1
MUFC,2,0
Mavericks,0,1
Tibet,1,0
Toronto,2,1
ThankYouThursday,0,1
transfers,1,0
NurseWhistleblower,1,0
Asia,1,0
Jackass,1,0
Doncaster,1,0
COVID19's,2,0
MondayMotivaton,2,1
advantage,1,0
VizagGasLeak,1,0
G1,1,0
ClapForCarers,1,0
DiscoveryGrants,1,0
NorthCarolina,1,0
StanfordMedLIVE,1,0
SyllabusForStudents2020,0,1
ShisonJun,1,0
CHAZ,1,0
ConstitutionOverCoronavirus,1,1
AllHandsOnDeck,1,0
whereistheinterpreter,1,0
ChinaLiedAndPeopleDied,1,0
Hyderabad,1,0
KeepThePromise,1,0
bestqualityproducts,1,0
NewYorkTough,0,2
KanakNews,1,0
9Today,0,1
toronto.,1,0
KochBrothers,1,0
TDgarden.,1,0
PmCares,1,0
uMalambane,0,1
ConfinementJour54,1,0
IamYLP,1,0
"Moscow,",0,1
LA,1,0
virtualparliament,1,0
EndCovid,1,0
nhsggc,1,0
CitiNewsroom,1,1
HCQ,1,0
PrideMonth2020,1,0
CoronaVirusUpdate,3,1
NoDealBrexit,2,0
McConnell's,1,0
Liberia,1,0
3,1,0
CPEC,1,0
MichiganStrong,1,0
TheResistance,1,0
NoFear,1,0
StatueOfUnity,0,1
NexstarNation's,1,0
MedicalSupplies,0,1
Covid_19,29,3
GetWellSoon,0,1
statefairofTX,1,0
DraftAThon,1,0
hongkong‚Äôs,1,0
Taiwan.,1,0
Wuhan:,1,0
RacistInChief,1,0
CoronaVirusLockDown,1,0
Stayathome,1,0
RecallKateBrown,1,0
sacrifice,0,1
doctorsday2020,1,0
illegalimmigration,1,0
"AJOpinion,",1,0
CORONA,1,0
lockdownuk,0,1
WuhanCoronaVirus,3,1
TigerForce,1,0
TrumpIsNotWell,1,0
Testandtrace,1,0
PERU:,1,0
"Ohio,",1,0
savealife,1,0
EFCCProbesIzeIyamu,1,0
BluestarZone,3,0
CA,1,0
CBCNN,1,0
Germany‚Äôs,1,0
JustTheFLU,1,0
France,1,0
TrumpCrimeFamily,1,1
cancelfinalyearexams,1,0
COVID19KE,1,0
COVID19-forced,1,0
PPE,8,1
COVIDIOT.ü§¨,1,0
Telangana,1,0
fish,1,0
MitchellsPlain,1,0
HowWeGotHere,1,0
EvidenceBasedMedicine,1,0
italy,1,0
BeActive,1,0
science,1,0
india,1,0
DearBlackPeople,0,1
POTUS?,1,0
AndhraPradesh,2,0
PayBackTheMoney,1,0
China?,1,0
KoreanUpdates,2,0
sans,1,0
channel4news:,1,0
COVID19SA,1,0
humanrights,1,0
"coronavirus"":",1,0
ReporteCOVID19,0,1
informalsector.,1,0
SB19,1,0
LagosAgainstCovid19,1,0
toiletpaper,1,0
CERB,1,0
DholeraSmartCity,0,1
Covid19.,13,2
"Tennessee,",1,0
CountyofVentura,1,0
Zimbabwe,1,1
MDW,1,0
deaf,1,0
COVID19India,5,0
YESforYOU,1,0
OperationMuskaan.,0,1
NRLManlyStorm,1,0
vanRE,2,0
bostonprotest,1,0
STAYINTHEHOOSE,1,0
HumanRightsViolations,0,1
BeijingBiden,1,0
shanedawson,1,0
FocusOnTheTrumpDeathToll100K,0,1
newsnight,1,0
YLP6,1,0
SaveOurWildWorld,1,0
LBC,1,0
chocolate,1,0
RescueRiders,0,1
SidharthShukla,1,0
COVAXIN,1,0
OnceAlways,0,1
PKPB,1,0
CoronaOutbreak,2,0
MARION,1,0
Folklore,1,0
StaySafeUG,3,1
TogetherAgainstCovid19,1,0
WHACountdown,0,1
StayHome,32,2
Repeat.,1,0
MTP.,0,1
houstontx,0,1
MLB,3,0
wellbeing.,1,0
Futuro360,0,1
inlegis,1,0
NoCPTPP,1,0
WBA,2,0
CoronaVirus?,1,0
EndWildlifeMarkets,1,0
Africans,2,0
WeAreTheCure,5,0
lovemydog,1,0
McDonalds,1,0
FactsOverFear,1,0
11mai,1,0
PKMAP,1,0
SponsoredbyDiscover,1,0
Collaboration,1,0
AllInIllinois.,1,0
KomeshaCorona,8,0
CoronaUpdatesInIndia,1,0
LockdownMzansi,1,0
BiodiversityDay,1,0
CCP,3,0
Ohio.,2,0
JerseyDay4Canada,1,0
dystopia,0,1
AhmaudArbery,0,1
CDC,2,0
ChocellaBrixham,1,0
BharatWillDefeatCorona,1,0
29thon9th,1,0
AG,1,0
JUIF,1,0
"Afghanistan,",1,0
GujaratCoronaUpdate,0,1
InternationalWorkersMemorialDay,1,0
curfew,1,0
Uganda.,2,0
paramedical,1,0
RandPaul:,1,0
FlattenTheCurve.,2,0
CovidSupportForce,1,0
Coronapocalypse,0,1
PatriotPay,1,0
COVIDView,2,1
txlege,16,3
TrumpRally,1,0
NoPasar√°n,1,0
caregiving,2,0
Russia's,0,1
NothingStaysHiddenForever,1,0
xhosa,1,0
FallonAtHome,0,1
COVID19Ontario,2,0
Corona,3,0
drinkpurefruits,1,0
4thofJuly,1,0
WeWantJoe,0,1
BeatLockDownBlues,1,0
pandemic?,1,0
KHOU,1,0
Panorama,2,0
quarantineandchill,0,1
iHeartConcertOnFox,1,0
obesity,1,0
SaveHigherEdJobs,1,0
WorldHealthDay2020,1,0
RoadmapforReopening,1,0
KAG,2,2
MorningStarr,1,0
KitaTeguhKitaMenang,0,1
leaders,0,1
TheNextNormal.,1,0
MSM,2,0
COVID19ARGF,1,0
HandWashChallenge,1,0
debt,1,0
seamusheaney,1,0
SteinertHighschool,1,0
KarenOfTheDay,1,0
day48oflockdown,1,0
parliament,1,0
Uganda-n,1,0
IndiaFightsCoronavirus,1,0
CPECMakingProgress,1,0
Beijing,1,1
HappyFathersDay,1,0
NEW:,5,0
olderAdults,1,0
Covidiiots,0,1
Trump2020,4,1
COVIDSafe,2,0
EuropeDay,1,0
StayHomeLiveLounge,0,1
EconomicPackage,2,0
DefendPressFreedom,1,0
InThisTogetherOhio,6,1
DNC,1,0
FRAZZLEDRIP,1,0
UkweliMtaani,1,0
Asymptomatic,1,0
DJSBU,1,0
dominiccumnings,1,0
drharry,1,0
Eval4Action,1,0
TrumpIsTheWORSTPresidentEVER,0,1
COVID.,4,0
drelmoatiku,0,1
BBCAfricaEye.,1,0
PeoplesVaccine.,2,0
stayathome,1,0
stayhome,5,0
PutinsPussyPotus,1,0
AssamCovidCount,3,0
automotivevision,1,0
LatsCovid19Journal,1,0
TERS,1,0
convert,1,0
12News,1,0
MaskUpUtah,1,0
HealthyWeightForAll,1,0
Covid_19india,5,0
odumeje,1,0
TrumpDeathToll92K,1,0
COVID19AB,1,0
IslamabadPolice,1,0
IdiotDeBlasio,1,0
051,1,0
HappyBirthdayNHS,0,1
"BruceLevell,",0,1
BroadcastingHouse,1,0
China‚Äôs,1,0
fox5atl,0,1
EndIt,1,0
"SARSCOV2,",1,0
AmericaOrTrump,1,0
HelpSaveSmallBusinesses,2,0
IllegalImmigrants,1,0
BanditOfTheWeek,1,0
GOPGenocide,1,0
maddow,0,1
ToryScum,0,1
PersonWomanManCameraTv,1,0
mRNA,1,0
ThankYouNHS,0,1
NDTVBeeps,1,0
ÎèÑÍ≤ΩÏàò,1,0
ReligiousFreedom,0,1
CoronavirusFAQs,0,1
dementia,1,0
2019_nCov,1,0
Brexit‚Äù.,1,0
covid19au,1,0
dogsarefamily,1,0
YourNHSNeedsYou.,1,0
2020VISION,1,0
ReturnStronger,1,0
COVID19!,2,0
WarpSpeed,1,0
RathYatra2020,1,0
JaPenSabah,1,0
Ridge:,2,0
POTUS,1,0
vijayabaskar,1,0
CoronaRelief,1,0
BreachOfTravelBan,1,0
CORONAVIRUS,1,0
F35DemoTeam,1,0
giveitarest,1,0
WeGotThisWA,1,0
itelSaysStaySafe,0,1
vote,1,0
Racist,1,0
music,0,1
Delta,0,1
fireislandcrimes,1,0
camps,1,0
ESSENTIAL,1,0
DemCast,2,1
"2,",1,0
NewNormal:,0,1
CanadaHomeworkHelp,1,0
irony,1,0
YouAreHighRisk.,1,0
HighRiskCovid19,2,0
BahudaYatra,1,0
coronapocolypse,1,1
powercut,1,0
HapusCOVID19,1,1
staysafe,5,0
thrombosis,1,0
PhysicalDistancing,3,0
SundayMorning,1,0
IndiaFightsCorona:,2,0
Duh,1,0
SteppingUp,1,0
Yahoo,1,0
SuperM,3,0
ÏΩîÎ°úÎÇò19,1,0
AimForZero,1,0
HeroOfTheDay,1,0
Fresh,1,0
CoronavirusLockdownUK,1,0
CoronavirusNewscast,1,0
COVID19-related,1,0
stayhuman,1,0
COVID19PH.,1,0
OWNSpotlight,1,0
Disability,1,0
MigrantWorkers,0,1
"JNJ,",1,0
Prevention,2,0
Cowboys-#Steelers,1,0
BBCNews,1,0
OurNHSPeople,0,1
AirIndia,1,0
TenStepsToGlobalHappiness,1,0
WeMakeEvents,1,0
marr,2,0
Vaxxed,1,0
IsolationWard,1,0
clapforkeyworkers,0,1
lockdownend,1,0
AfricansAreNotLabRats,1,0
museums,1,0
EndSarsNow,0,1
Fleabag.,1,0
Bangladesh,1,0
FindSomethingNew,0,1
CoVID19,1,0
KanikaKapoor,1,0
Titans,1,0
WeShallOvercome,1,0
tips,2,0
fullyopenca,1,0
insiders,1,0
ReopenAmerica!,1,0
funny,1,0
IWMD20,2,0
Michigan,2,1
Bolsonaro,1,0
playeveryday,1,0
contest,2,0
NikeGate,0,1
asthma.,1,0
ProtectOurNHS,0,1
Pakistan‚Äôs,1,0
ÿßŸÑÿ≥ÿπŸàÿØŸäÿ©,1,0
YNWA,1,0
IsolatedNotAlone,0,1
SlowTheSpread,0,1
BSL,1,0
Verdict,0,1
Nigeria‚Äôs,1,0
mtnwestnews,1,0
Fleabag,1,0
Ramadandiary,1,0
investigate,1,0
mask.,1,0
SindhGovt,1,0
BBCPanorama,3,0
Newstrack,1,0
JoeBidenJob,1,0
mummycalmdown,1,0
AVCT,1,0
RemoveTrump,1,0
texas,2,1
KYSen,0,1
ConfinementJour50,1,0
PhysicalDistancing‚ÅâÔ∏è,1,0
TrumpHasNoPlan,1,1
TrumpLiesAmericansDie,3,1
Venezuela.,1,0
RutgersImpact,1,0
JoyNewsToday,1,0
Poland,0,1
"ioREsiSTOacasa,",0,1
Covid_19australia,1,0
onome,1,0
cummings,1,0
PandemicDrone,1,0
WarAgainstVirus,1,1
ChinaBlocksWION,1,0
covid19Canada,1,0
PeterSandman,1,0
longtailcovid,1,0
SomaleFoundation,1,0
ChinaVirus,1,0
bbcnewssix,1,0
TX,1,0
IfObamaWereStillPOTUS,1,0
Derp,0,1
COVIDiots,1,0
TwitterChat,1,0
Lockdown21,1,0
qldpol,1,0
DowningStPresser,1,0
handwashing,1,0
Hydroxychloroquine,6,2
Brexit,1,1
"ShareASquare,",1,0
covidtrackerapp,1,0
"UDMChiefWhip,",1,0
CCP's,1,0
StayHomeMN,0,1
howicompete,1,0
DayBreak,0,1
childcare,1,0
Delhi,3,0
bbcnewsten,1,0
allinWA,1,0
outbreak,1,0
StayHomeandStaySafe.,1,0
420day,1,0
coronaviruske,0,1
washyourhands,1,0
SaturdayThoughts,0,1
CBSE,2,1
CoronaVirusInSA,1,0
tuesdayvibes,1,0
lockdownhustle,1,0
debonairsknockdownday50,1,0
SundayLive,1,0
workingsafely:,1,0
reidoftheday,1,0
HealthWorkers,0,1
MissSA2020,1,0
lockdownexit,1,0
TheCanadianShield,1,0
MountRushmore,1,0
ExtendTheTransition,1,0
hospital,2,0
AFC,3,0
StaySafeNigeria,1,0
localgov,0,1
CutDataPrices,1,0
BenedictDonald,0,1
hope,1,0
janeygodleyvoiceover,1,0
CARESAct,2,0
PromisesMade,0,1
NoTobacco,1,0
FamiliesFirst,9,3
India.,1,1
LEGO,1,0
COVID„Éº19üåêhttps://t.co/dtE12cgFxs,0,1
‡πÇ‡∏Ñ‡∏ß‡∏¥‡∏î19,2,1
AdriaTour!,1,0
BBCAN8,1,0
ChinaVirus.,0,1
DevexFocus,1,0
RTEInvestigates,0,1
TrumpMeltdown,4,2
"India,",0,1
Vancouver,1,0
clapforNHS,0,1
Coronavirus...thoughts?,0,1
cuomo,1,0
ChimeSweeps,1,0
TopNews,1,0
"TrumpRally,",1,0
SkinCare,1,0
pandemic.,2,0
socialwelfare,1,0
food,1,0
women,2,0
deepsea,1,0
CAREGivers,1,0
traderjoes,1,0
Î†àÎìúÎ≤®Î≤≥,1,0
PMCaresFund.,0,1
onpoli,12,2
FBRParty,1,0
AmericaVsNigeria,1,0
SB19NewPeaksOnBillboard,1,0
OdishaFightsCorona,1,0
Death,1,0
playerstogether.,0,1
CovidLASG,2,0
CDCFudging,1,0
SONA2020.,0,1
Arsenal,1,0
MaskUpAZ,3,0
DefeatTheMob,1,0
DominicCummings,2,0
prolife,1,0
CoronavirusInSA,6,0
ProtestLockdown,2,0
chocella,1,0
gbasgbos,1,0
MoscowMitchMcConnell,0,1
Chico2020,1,0
UFC249,3,0
TMobileTuesdays,1,0
Taiwan,3,1
mepolitics,1,0
SaintsFC,1,0
"PPE,",2,0
CanadaLockdown,1,0
datafraud,1,0
CoronavirusPandemic.,4,0
CoronavirusUk,0,1
cantmakethisup,1,0
pandemic:,0,1
LegendSeries,1,0
tcot,1,0
trump2020,1,0
FlattenTheEconomy,1,0
StayHomeSaveLives,23,2
AbbottResign,2,0
NBA,0,2
Covid19':,1,0
ad,1,0
itelEasterGoodies,0,1
heatwave,1,0
KPBudget2020,1,0
Wuhan,10,0
TheKingEnternalMonarch's,1,0
LiarJohnson,1,0
ClimateEmergency,1,0
Newsnight,5,1
BlackLivesMatter,10,5
TshegofatsoPule,1,0
Estevirusloparamosunidos,0,1
StopTheSpreadSF,1,0
Belgium,1,0
PubsReopening,1,0
LockDownNigeria,1,0
TheProjectTV,1,0
SomethingNewChallenge,1,0
SpeakOut,1,0
BLM,1,2
PublicServiceWeek,1,0
NewsNight,0,1
ALtogether,1,0
COVID19-associated,1,0
EuropeanTravelBan,1,0
WomenCount,1,0
UKHeatwave,1,0
FreeJacob,1,0
NHS72,0,1
Covid19UK,3,0
INPICTURES,1,0
HoldStill2020,1,0
Gujarat.,1,0
homecare,1,0
SteamedFish,1,0
Floridacoronavirus,1,1
TrumpRallyFail,1,0
"SouthKorea,",1,0
APDGP,0,1
COVID19ON,1,0
Covidkerala,1,0
dubai,1,0
"StayHome,",1,1
IndiaFIghtsCorona,1,0
special,1,0
EtatsUnis,1,0
schoolsreopening,1,0
ThePrintHealth,1,0
HuntingtonBeach,1,0
ClapForTheNHS:,0,1
MulikaCorona,1,0
COVIDUpdates:,1,0
day35oflockdown,1,0
LASG,1,0
Austin,1,0
thursdaymorning,0,2
NewsAlert,1,0
Markaz),1,0
yankees,1,0
hornets,1,0
BorisIsBack,0,1
"Magu,",1,0
TimesPoll,0,1
Africa,2,1
gratitude,1,0
UnlockWaterForAll,1,0
CarersWeek,1,0
GlobalCitizen,2,0
Decouple,1,0
Ïù¥Îã¨ÏùòÏÜåÎÖÄ,1,0
Hantavirus,1,1
AIEthics,1,0
FirstUp,1,0
Biden,1,0
istandwiththepresident,0,1
ausbiz,1,0
TrumpBurialPits,1,0
USNSComfort,1,0
weather,1,0
IndiaFightsCOVID19,2,0
11thHour,1,0
Kashmir,1,0
MaskUpPA,3,0
ItHadToBeSaid,1,0
CharityBeginsAtHome,1,0
WearADamnMask,2,1
ClapForBoris,1,0
NoVaccineTrialsinNigeria,1,0
TulsaRally,1,1
tisu,1,0
clarity,0,1
Ìä∏ÏôÄÏù¥Ïä§,1,0
"Coronavirus,",5,1
KeepTheHeid,1,0
TrumpIsAnIdiot,1,1
DMBDriveIn,0,1
NthRoomCase,1,0
SafeSeptemberüôèüèªüè´,1,0
Olympics,1,0
Iran‚Äôs,1,0
CoronavirusNewYork,2,0
"infographic,",1,0
TablighiJamat,4,0
stroke,1,0
COVID19inSA,3,0
dogs,1,0
Food,1,0
PPESupplies,0,1
Covid1984,0,1
Discrimination,1,0
CuppyCares,0,1
FitIndiaTalks,1,0
EarthDay2020,1,0
smartmobility,1,0
JapaneseArt,0,1
HealthyAtHome!,2,0
"NationalDayOfPrayer,",1,0
EXCLUSIVE,1,2
‡§Æ‡§π‡§æ‡§∞‡§æ‡§∑‡•ç‡§ü‡•ç‡§∞,1,0
Sportsbiz,0,1
kag,1,0
londonprotest,1,0
CoronaVirusInNigeria,1,0
andrewcuomo,1,0
CoronaVirusMexico,1,0
medstudenttwitter,1,0
Nutrition,1,0
NoAlleyForMe,1,0
DoNotOpenCalifornia,1,0
ShelterInPlace,0,1
placeborita,1,0
TV3NewDay,1,0
PreventCOVID19Spread!,1,0
AskTheInfoMinistry,1,0
SVP,1,0
DeplatformIcke:,1,0
BuhariTormentor,2,0
MentalHealthAwarenessWeek,1,0
URGENTE,1,0
NewYork,1,1
Jamaica.,1,0
ChuckSchumer,1,0
RENTRELIEF,1,0
MOG,2,1
njbosj,1,0
PledgetoAmericasWorkers,0,1
GOPTaxScam.,1,0
CCPVirus,6,0
DrNusratShah,1,0
nc13,1,0
HAPPINESSFORALLTOGETHER,1,0
Anonymous,1,0
DomesticViolence?,1,0
MaskUpWA.,1,0
Norway,0,1
phillipschofield,1,0
COVID19Vic,0,1
Huawei,3,0
MadeInChinaVirus,1,0
UCL,2,0
Kano,2,0
DudukDalamRumah,0,1
60Mins,1,0
FightingCOVID19,1,0
StopAiringTrump,2,2
donate_plasma_save_lives,1,0
China-India,1,0
TUTMUSTFALL,0,1
resist,3,0
Pirates,1,0
doh,1,0
MondayMorning,1,0
AlexJones,1,0
Covid_19;,1,0
FrontLineHeroes,1,0
BillBarr,1,0
tsakanedebonairs,1,0
Nomasks,1,0
CoronavirusinSA,2,0
SackCummings,1,0
"Ottawa,",1,0
PelosiMustGo,1,0
DataEthics,1,0
FoxNews,6,5
memorial,1,0
grippe,1,0
Kerala.,2,0
digitalbanking,1,0
Covid-19,1,0
lupus.,1,0
DVT,1,0
flashmob,1,0
FrontlineSoldiers,1,0
BritishBasketball,1,0
StayHomeOhio,4,1
Safety,1,0
FloridaMorons,0,1
Mumbai,1,1
SANDF,1,0
ForceForGood,1,0
SARSCoV19,1,0
ToriesOut,2,1
Hancock,1,0
COVOD19.,0,1
socialdistancing,3,0
SMEs,1,0
aviation,1,0
Greens,1,0
WhiteHouseBriefing,1,0
ChineseCommunistParty,1,0
OHSAA,1,0
PleaseStayatHome,1,0
OxidativeStress,1,0
Coronavirus#StayHomeSaveLives,1,0
"Covid19,",6,1
BeBest,2,1
Coronaphobia,0,1
China_is_terrorist,1,0
JNJ,1,0
GiveBlood,1,0
BSLHealthAccess,1,0
WeWillNotSufferInSilence,1,0
ECDC,1,0
TaCabron,1,0
NCOC,0,1
WTF,1,0
Indians,1,0
NancyPelosi,1,0
gay,1,0
Visakhapatnam,1,0
"AlexJones,",1,0
nightlife,0,1
PresserCOVID19,1,0
FatCats,1,0
Arizona,6,0
asylum,1,0
NHLBruins,1,0
ShoreviewStrong,1,0
SouthAsia's,1,0
care,1,1
ForThePeople.,1,0
fakenews,1,0
IAmProvidingAService,1,0
ridge,1,0
CovidOrganics,1,0
CoronavirusCrisis,1,0
UFWD,1,0
healthcareheroes,0,1
Yuju,1,0
Sancho:,1,0
Coronvirus,1,0
WeAreAviation,1,0
"LockdownLowdown,",1,0
Insiders,1,0
Mumbai:,1,0
SAMorning,1,0
tweetorial,2,0
DrBirx.,0,1
Assam,1,0
RIP,1,0
sulk,1,0
coronaboy,1,0
Day2,1,0
COVIDQUILT,1,0
Dobbs,1,1
WhatAfterMay3,1,0
staysafe.,1,0
covid19-,1,0
ŸÉŸÑŸÜÿß_ŸÖÿ≥ÿ§ŸàŸÑ,1,0
Klpga,0,1
LockdownNow,1,0
DrivingRelief,1,0
"CharlesLieber,",1,0
nCoV2020.,1,0
COVIDIDIOTS,3,0
UPDATE:,1,0
physicaldistancing,1,0
Children,1,0
UEL,1,0
CCP.,1,0
DominicGoings,1,0
UniversityChallenge,1,0
scamdemic,1,0
nCoV19,1,0
ForNature,1,0
ventilators,1,1
IndiaFightsCorona,12,2
StayAtHome,10,5
"Hyderabad,",0,1
MMQuarantine,1,1
CognitiveTest,1,0
VMAs,1,0
"aviation,",1,0
palliativecare,1,0
Indiafightscorona,1,0
ArtistReliefCovid19IE,1,0
UnitedNations,1,0
ApartheidIndia,0,1
COVIDIOTS,7,2
CoronavirusAct,1,0
IntegratedNavalForce.,1,0
StaySafeMN,1,0
Arkansas,1,0
CoalCityConnect,1,0
SATX,1,0
Bogota,1,0
PE,1,0
CPD,1,0
ShamblesStayatHome,1,0
LiberalHypocrisy,1,0
WATCH,10,0
TogetherWeBuild,1,0
CoronavirusPH,0,1
BrianKemp,0,1
medRxiv,1,0
COVID19Lagos,2,0
Uighur,1,0
SolicitorChat,2,0
GlobalCeasefire,1,0
UIF,1,0
BuildBackBetter,3,0
money,1,0
SameStormDifferentBoat,1,0
DNAVaccines,1,0
SwasthaBharat,1,0
gapol,6,0
StayAlert,18,1
Resist,1,0
TheTrumpVirus,1,0
SEL,1,0
SecondWave,1,0
StayHomeSA,1,0
DonaldTrump‚Äôs,1,0
USPS,0,1
Rajasthan,1,0
transited,1,0
ALLINCHALLENGE,2,0
coronaviruschina,1,0
HeWentToJared,1,0
BlackCoffee,0,1
AcademicChatter,1,1
huntingtonbeach,1,0
"Guangzhou,",1,0
Xinjiang,0,1
Malaysia,0,1
Contest.,2,0
Level5Lockdown,0,1
NTVNews,0,1
GetUsPPE,0,1
wtpTEAM,4,0
NASSCOMFutureSkills,1,0
Missouri,1,0
Gujarat,2,0
California,2,0
Peston,1,0
MassPromotion,1,0
TelanganaFightsCorona,4,0
YesWeCare,1,0
kingsdiet,1,0
COVIDToronto,0,1
BeBest.,1,0
NASAWebb,1,0
FireFauci,1,0
COVID19IsJustANastyFlu,1,0
covid1in20,1,0
deadlynegligence,1,0
EndTheLockdown,0,1
hospices,0,1
SRHRisEssential,1,0
Coronavirus-,1,0
MaskUpAZ.,1,0
bakersfielddoctors,0,1
WeAreNATO,1,0
brexit,1,0
Indore,1,0
FreeTheVaccine,1,0
portland,1,0
StandingTogether.,1,0
COVIDIOTS.ü§¨,1,0
FreedomDay,1,0
RussianBounty,0,1
Day25ofLockdown,1,0
DarkestTimeline,1,0
JoySMS,1,1
CoronavirusLockdown:,1,0
HydroChloroquine,1,0
"GlobalGoals,",1,0
NHS,8,1
Covid19PH,1,0
WillSmith,1,0
GrandNational,1,0
Salem,1,0
OANN,8,1
AmericasBanks,1,0
075,1,0
protectthefrontline,1,0
NEWS,0,1
DivasDailyDeepSeaFact,1,0
NeverForget.,1,0
Training,1,0
protest,1,0
sundayvibes,0,1
banned,0,1
groundnews,0,1
TabligiHeroes,1,0
BT21,2,0
WhereIsJoeBiden,1,0
Covid,4,0
medical,1,0
FridayThoughts,1,0
QuarantineLife,3,0
Corinavirus,0,1
Transformation,1,0
winnipeg,0,1
Ridge,8,0
NBSLiveAt9,1,3
Kogi,1,1
25theAmendmentNow,0,1
Hindutva,0,1
Bulgaria,1,0
forzaitalia,1,0
America?,1,0
Immunity,1,0
CoronavirusUS,0,1
media,2,0
pneumonia,1,0
MonitorUpdates,1,1
Socialdistancing,0,1
speakingmoistly,0,1
NizamuddinMarkaz.,1,0
Antifa,1,0
Iran.,1,0
coronavirusindia,3,0
alfieboe,1,0
FUCKKEMP!,0,1
MAGA,10,6
canadacovid19,1,0
spreadHOPE,1,0
StopKillingWomen,1,0
FirstTimeParent,1,0
AbbottBetrayedTexas,2,0
"Nice,",1,0
Jobseeker,1,0
COVID19üá≤üáæ,2,0
CantWait,1,0
Recession,1,0
HEB,1,0
suicideprevention,1,0
face_shields??,1,0
"TexansHelpingTexans,",1,0
tx,1,0
FactCheck,1,0
AZ,1,0
COVID19--please,0,1
MinistersPressBriefing,1,0
uk,1,0
dudukrumah,1,0
PressPlay:,2,0
"Avener,",1,0
Whiston,0,1
china,2,0
AntibodyTesting,1,0
Broadcast,1,0
AskMyMayor,1,0
ZachBushMD,1,0
GlobalGoals,1,0
EducationMinisterGoesLive,2,1
cycling,1,0
Tablighiphobia,1,0
AltNewsFactCheck,0,2
SmartNews,0,1
"Houston,",1,0
abc13,1,0
TheKarenator2020,1,0
Lebanon,1,0
MaskHole,1,0
KitaMestiMenang,0,1
StayHome!,1,0
nurses,0,1
coronavirus:,12,1
Atlanta,1,0
flattenthecurvechallege.,0,1
FailedFedReaponse,0,1
HealthyAtHome,2,0
covid19impactke,1,0
COVID19italia,1,0
RacismInChina,1,0
COVID19PH,16,3
NewNormal...while,1,0
bebenang,1,0
"covidhearing,",1,0
WhiteHousePressBriefing,1,0
NearZero,1,0
lesmis,1,0
Jerusalem,0,1
LeaveNoOneBehind,1,0
LAPD,1,0
BatikKit,0,1
cdnmedia,2,0
bbnaija2020lockdown,1,0
cyrilramaphosa,1,0
"LockDown2,",2,0
MSM.,1,0
NBCNewsThreads,2,0
FutureDoctors,1,0
Angels,0,1
China.,3,0
ITVideo,3,0
EveryMindMatters.,1,0
LongCovid,1,0
AMR,1,0
S3599,1,0
geographyathome!,1,0
openeconomynow,0,1
lockdown,23,0
TigerKing,2,1
NationalFindARainbowDay!,1,0
PM,1,0
i4India,0,1
covid19:,0,1
COVID19NIGERIA,2,0
"MigrantWorkers,",1,0
Nice06,1,0
PutSouthAfricansFirst,1,0
skpoli,1,0
Telangana?,0,1
HealthcareHeroes,1,0
jakpost,1,0
sabcnews,3,1
EarthDay,1,0
sweettreats,1,0
Germany‚Äòs,1,0
Covidiots,0,1
RockHall2020,1,0
WeGotUs,1,0
CPTPP,1,0
voting,1,0
ThisMorning,1,0
Takeresponsibility,1,0
WHA73,1,0
IDTwitter,1,0
disinfectant,2,0
"RememberMe,",1,0
CoronavirusKenya,0,1
BeSafe,1,0
hypocrite,1,0
UN,1,0
DefenseProductionAct,1,0
StopFascism,1,0
virus,3,0
Covid19.She,1,0
JobsReport:,0,1
BangsaBebal,1,0
HEBobiwine,1,0
UrbietOrbi,1,0
SSFootball,2,0
covid19on,1,0
FGPayOurAprilSalary,1,0
rainbows,1,0
PMLN,1,0
SocialDistancing,16,2
BBCNewsTen,1,0
Dallas,1,0
NoVaccineForTrumpDerangementSyndrome,0,1
JairBolsonaro,1,0
UKBiobank,1,0
LadakhClash,1,0
StreetChildren,0,1
CoronavirusUK,1,0
nffc,1,0
remdesivir,1,0
CashAppFriday.,1,0
OnePerson,1,0
UnitedAgainstCoronavirus,2,0
HelpUsHelpYou,1,0
OdishaCares,1,0
FreeHopewell,1,0
kidney,1,0
GetMePPE,1,0
Tragic,1,0
NursesWeek,1,0
TabligiJamaat),1,0
RaniMukerji,1,0
COVIDTech,1,0
TablighiJamaat,3,0
getawaywithmurder.,1,0
fisayoscovid19series,1,0
StaySafeUg,0,2
AmericaStrong,3,0
COVID19‚Äù,0,1
EU,1,0
BREAKING-,1,0
SonicWealthcare,1,0
topfive,1,3
Senate,1,0
BAME,1,0
COVID:,1,0
7NEWS,2,0
Iran,3,0
YouCantStopUS,1,0
GenderData,1,0
ÏàòÌò∏,1,0
SkyFootballShow,1,0
NA,1,0
CoronavirusOutbreak,7,1
fab,1,0
AmericaFirst!,1,0
contestalert,1,0
CdnPSE,0,1
Kentucky‚Äôs,1,0
WEAAD2020,1,0
SwansForRelief.,1,0
LOC,0,1
covid19,101,13
15,1,0
Juneteenth,1,0
DonaldTrump,1,0
DearIreland,1,0
quiz,2,0
Rays,1,0
LockdownQuestions,1,0
Odisha,1,0
FireTrump,1,0
WWERaw,1,0
ChildSex,1,0
journalism,1,0
ChimeIn,1,0
RubyPrincess,1,0
BC:,1,0
lockdownüòãJust,1,0
DidYouKnow,1,0
TrumpLiesPeopleDie,0,1
100KDeadüíÄ,0,1
DermTwitter,1,0
FlipItBlue,0,1
MasksNow,1,1
JimClyburn,1,0
ÁúüÈ°î„ÉÅ„É£„É¨„É≥„Ç∏,1,0
PlasticFreeJuly.,1,0
Dorset,1,0
unverified,1,0
NRL,1,0
Romania,1,0
bikelanes,1,0
COVID19‚Äîit‚Äôs,1,0
roma,1,0
StayhomeStaysafe,0,1
IndependenceDay,1,0
Ebola:,1,0
BellaCiao,0,1
protests2020,1,0
NPHWChat,1,0
GameChanger,1,0
TestingTestingTesting.,1,0
Opinion:,1,0
Eurogroup,1,0
Eid,1,0
climateaction,1,0
AtulBakery,2,0
AbbaKyariFacts,1,0
live:,1,0
Marr,9,0
ireland,1,0
PiersMorgan,1,0
Islamophobia_In_India,2,0
LDNBLM,1,0
IndependentSAGE,1,0
Minneapolis,1,0
genome,1,0
"illegalaliens,",1,0
WBZ,3,0
research,1,0
Singapore,1,0
Politics,0,1
1),1,0
TestAndTrace,1,0
AbhishekBachchan,1,0
KejriwalShowsTheWay,1,0
JobLosses:,1,0
CoronavirusUSA,2,1
AWANIpagi,1,1
dog,1,0
Ruthies,1,0
GreenRecovery,1,0
StopTheCoronavirusGunSurge,1,0
Cottonelle,1,0
smallbusiness:,1,0
CCPvirus,2,0
Covid19inSA,4,0
houston,2,1
Vishakapatnam!,1,0
FutureChild,1,0
ProjectAirbridge,1,0
"Trump,",1,0
DowningStreetBriefing,1,1
CNNMeltdown,0,1
GoCoronaGo,1,0
BrainCellBlockTango,1,0
edchat,1,0
TheSimpsons,1,0
DarwinAwards,0,1
STAYATHOME,1,0
Donald,1,0
txpolitics,1,0
JeremyVine,2,0
HappyBirthdayTrump,1,0
kingscolddrinks,1,0
GlobalGoalUnite‚≠ï,1,0
MoreLiesMoreDie.,0,1
TakeBackControl,1,0
CORONAVIRUS!,1,0
medtwitter,2,0
WomenInPolitics,0,1
boristhebutcher,1,0
DropTheLawsuit,1,0
JoeBiden.,1,0
Hope,0,1
torybrexit,1,0
TuesdayThoughts,0,1
Coronavirua,1,0
YouAreNotAlone,0,1
Covid19Mexico,1,0
Section230,1,0
CORONIL,1,0
"UKLockdown,",1,0
collegestudents,1,0
covid19toronto,1,0
SchoolClosures,1,0
dailybriefing,1,0
boycottHP,1,0
TrumpDepression,2,0
Iranian,1,0
Ballito,1,0
AprilRyan,1,0
flattenthecurve.,1,0
NSTnation,1,0
COVIDActNow,0,1
SWASARI,1,0
Q13FOX,1,0
KeepYourRent,1,0
SARSCoV2,14,1
Mexico,1,0
Canada.,1,0
Trudeau,1,0
Turks,1,0
KEEPAFREAKIESTEVIEDISTANCE,1,0
kitajagakita,1,0
DocsVsOfficials,1,0
IPSInnovates,1,0
Montreal,1,0
OpPIMA,0,1
ottnews,2,0
NigeriaEconomicUpdate,1,0
welfare,0,1
Pence,1,0
msm,1,0
BreakTheChain,1,0
antibodytesting,1,0
"misinformation.""",1,0
PCD11,1,0
BeatTheVirus,2,0
FlatteningtheCurve,3,0
isolation_wards,1,0
coronavirusinindia,2,0
CitiCBS,1,0
impeachment?,0,1
NobodyLikesTrump,1,0
ScrapBrexit,1,0
covid-19,2,0
AbKaroDeshKiRakhwali,1,0
epitwitter,3,0
COVID19quarantine,1,0
OpenPandemics,1,0
CoronavirusInSouthAfrica,1,0
TomorrowTogether,1,0
HETVSkillsFund,1,0
ShopSmart,1,0
health,1,0
dublin,1,0
pallicovid,1,0
thanksboris,1,0
MaharashtraFightsCorona,1,0
velshi,1,0
CUBoulder,0,1
CoverYourFaceHoles,1,0
GapsInSupport,0,1
BorisJohnson,3,0
"FaceCovering,",1,0
Kenya,1,0
PastorChrisGivesAgain,1,0
China;,1,0
PaycheckProtectionProgram,3,0
ShowYouCare,0,1
FirstTimeInAfrica,1,0
StayHomeSavesLives,0,1
carte,1,0
Merica,1,0
CoronavirusLiar,2,1
medstudentcovid,1,0
"Eurostar,",1,0
"MoronInChief,",1,0
GotSymptomsGetTested,0,1
NTVOnTheSpot,1,0
excited,1,0
Aidilfitri,0,1
VoteBidenToSaveAmericaüó£,0,1
CurbarEdge,1,0
DemocratBackfire,1,0
HCQ‚Äîreleased,1,0
DeSantis,1,1
ReopenAmerica,1,0
KilifiMedicalComplex,1,0
StayStrongLA,1,0
COVID19usa,1,0
postsecondary,0,1
TrumpTownHall,2,1
1,2,1
NursingHomeSlaughter,0,1
wemattertoo,1,0
GameOfLife,1,0
Rutgers,1,0
"VEDay75,",1,0
SaudiArabia:,1,0
recalldougducey,1,0
SJC,1,0
Alabama,2,0
LockTheClock,0,1
Lockdown4,0,1
GMB,6,2
"TamiTreadwell,",1,0
bigtex,1,0
trump,0,2
SABCNEWS,1,0
CoronaUpdate,6,2
Biden2020,1,0
CoverUp,0,1
cdnpoli,25,5
karensgonwild,1,0
"Reviews4Good,",1,0
WhyTrumpMightQuit,0,1
Pakistan,1,0
policebrutality,0,1
endthelockdown,1,0
Roadtrip,1,0
phdlife,1,0
Ramdev,1,0
MentalHealthMinute,1,0
SmallBusiness,1,0
Accra,1,0
StoptheNCDCBill,1,0
WashYourHands,4,2
QueensPark,0,1
SouthAfrica,1,0
pandemic,8,0
r4today,2,0
StopTargetingMuslims,1,0
MTPDaily:,1,0
Onpoli,1,1
SARSCoV2.,1,0
OpenCOVIDPledge,1,0
NaijaViralz,1,0
"Chemnitz,",0,1
"WorldHealthDay,",1,0
TRMS,1,0
DrFauci,3,0
LiberationDay,0,1
SocialSecurity,0,2
SundaySpotlight,1,0
Looting,1,0
DelhiFightsCorona,2,0
JoyNews,1,0
swfc,1,0
Globalist,1,0
Rwandaworks!,1,0
JusticeforJodian,1,0
ForceForChange,0,1
WATCH:,1,0
2019nCoV,2,0
day41oflockdown,1,0
CorruptGOP,1,1
bstrong,1,0
COVID„Éº19?‚Äô,0,1
prayer,1,0
BeKind,2,0
svnitAgainstOnlineExams,1,0
testing,1,0
RakhTuHausla,1,0
SuperCashAppFriday.,1,0
handwashingsongs,1,0
LuzonLockdown,5,0
independenceday2020,1,0
GovAbbott,1,0
BHNasional,1,1
FreedomIsEssential,1,0
ModiBetrayedIndia,1,0
bsl,1,0
ImmuneSystem,1,0
TaiwanCanHelp,1,0
8NN,1,0
Adrenochrome,1,0
R,0,1
KejriwalShowsHowItsDoneüëáüèº,1,0
COVIDTesting,1,0
BackOnTrack.,1,0
MaDrugz,1,0
FFS,1,0
HongKong,2,0
tiktok,1,0
MND,1,0
Crozier‚Äôs,1,0
COVID19‚Ä¶,1,0
Pride2020,1,0
NBSUpdates,1,3
ÎîîÏò§,1,0
DudukRumah,0,1
TrumpHasNoCredibility,0,1
teamwork!,1,0
NeveraHoax,0,1
GeneralStrike,0,1
NHSheroes,1,1
PestoChampion,2,0
fionaapple,0,1
Canada,1,0
Coronavirustruth,1,0
blacklivesmatter,1,0
coronaravirus,1,0
dirumahaja,1,0
bbcqt,3,0
canada,1,0
MadagascanCure,1,0
happydoctorsday,1,0
SocialDistancing;,1,0
fridaymorning,1,0
IRS,1,0
HAIKYUU401,1,0
Vijayabaskar,1,0
DP3T,2,0
TenBillionHappy,1,0
ClimateCrisis,1,0
CSNA,0,1
superspreaderRallies,0,1
HoleInBuhariNeck,1,0
SDGs,1,0
AVFC,0,1
"China,",1,0
LocustOutbreak,1,0
KazzMagazine,1,0
oceans,1,0
GaneshUtsav,1,0
galatians67,1,0
Marvel,0,1
TogetherAtHome,8,1
LateLateShow,1,0
Trump2020NowMoreThanEver,1,0
COVID19.,228,29
BeatCOVID19,1,0
ShahidVsPelosi,1,0
PMCares,0,1
PatanjaliAyurved,1,0
YouClapForMeNow,0,1
ByTheRules,1,0
Azerbaijan,1,0
TrumpDeathToll81K,1,0
WallStreet,1,0
Texas,6,0
Equality,1,0
TrumpGolfsYouDieüíÄ,0,1
coronavirus.,64,10
gynocide,1,0
UnderfundedUnderThreat,1,0
CoronaVirus.,4,0
CoronavirusPandemic:,1,0
afcb,0,1
corona,4,1
WhereIsTheInterpreter,1,0
Misuse,1,0
FreshTweets,1,0
ShareCulture,0,1
Querfront,1,0
NHSThankYou,2,0
Day74OfLockdown,1,0
ThrivingWallet,1,0
Africa.,1,0
OdumejeTheLion,1,0
MentalHealth,1,0
didyouknow,1,0
SistersDuet!‚ù§Ô∏è,1,0
DontBeSillyBilly,1,0
Pathology,1,0
CT,1,0
PowerOfYouth,1,0
COVID19toronto,1,0
NYT,1,0
"JoeBiden,",1,0
TeamCNO,1,0
VoteLeave,1,0
MentalHealthAwarenessWeeküíô,1,0
"ALLINCHALLENGE,",1,0
MannKiBaat,2,0
CubaSalva,1,0
stopkillingwomenandchildren,1,0
PenceLies,0,1
s.,1,0
NeverForgotten,2,0
seniorcare,1,0
Australia,1,0
ContactTracing,1,0
Praram,1,0
Guru,1,0
TrumpIsALoser,1,0
masks?,1,0
hounews,1,0
loveOTs,1,0
FairElectionCrisis,1,0
ActionAidTalksUG,1,0
Ramadan,1,1
9WWOS,1,0
AccesstoMedicine,1,0
RENTRELIEF:,2,0
TomorrowsPapersToday,1,0
cook,1,0
Ganeshotsav,1,0
PublicService,1,0
pillsbypost,0,1
lockdowns,1,0
Tribals,0,1
"smallbiz,",1,0
"RajajiHospital,",1,0
contestalertindia,1,0
EFC,2,0
GetMNDonTheList,1,0
VoteRedToSaveAmerica,1,0
photojournalism,1,0
tasty,1,0
StaySafe.,1,0
Masks4Canada,2,0
FlawlessSkin,1,0
COVID19sverige,1,0
AirForceSalutes,2,0
Steinmeier:,1,0
CardiB,0,1
GlobalGoalUnite,2,0
Lfc,1,0
SASSA,1,0
DEASP.,0,1
"Germany,",0,1
WuhanVirusMadeInChina.,1,0
Telangana.,0,1
covid19.,2,3
InterMiamiCF,1,0
HANNITY:,0,1
Matterhorn,3,0
newsrelease,1,0
TrumpVirus,4,1
mogov,1,0
Covid19?,2,0
socialdistanSING,1,0
ClapForOurCarers,0,2
EFL,4,0
Italy,5,0
CNNTownHall,3,1
CGTNOpinion,1,0
HuSays,1,0
freethebeach,0,1
Day97OfLockdown,0,1
EXO,2,0
Indian,1,0
UNESCO‚Äôs,0,1
StayAtHomeAndStaySafe,1,0
sdof,1,0
MasksforAll.,1,0
coronavirus?,3,2
vanpoli,1,0
ListenToTheDoctor,1,0
paternity,1,0
LockDownSA,1,0
caregiver,1,0
EngageTheIG,0,1
VoteByMail,1,0
Spain,2,0
OnPoli,1,0
StaySafeOhio,2,0
WednesdayWisdom,1,0
SSHorseRacing,1,0
LockdownSA,4,0
UNICEFThailand,1,0
lalege,4,0
KitaJagaKita,1,1
RedRobin,0,1
SouthKorea,0,1
BeBrave,3,2
WalkAway,2,0
RIPLungileTom,1,0
PlagueOfCorruption,1,0
SociopathInChief,0,1
deathorNYSE,0,1
NewMinimumWageArrears,1,0
colddrinks,1,0
CivilRights,1,0
PhysicalDistance,1,0
LoveDeliveryFest,1,1
SocTwitter,1,0
keeppushing,1,0
MaskUpIndia,1,0
ListenToTheExperts,1,0
orangecounty,1,0
"COVD19,",1,0
FREE,1,0
BloodOnHisHandsHannity,1,0
BandeUtkalaJanani,1,0
TrumpGolfsYouDie,1,0
Iran's,0,1
WorldDayAgainstChildLabour.,0,1
NicoleGriggs,1,0
SonicHealthcare‚Äôs,1,0
9News,1,3
KeepingThemHonest,1,1
PromisesMadePromisesKept,0,1
MakechinaPay,1,0
COVID19OhioReady,1,0
extendlockdown,1,0
BorisJohnsons,1,0
coleg,1,0
schools,1,0
TrumpVirus?,1,0
NeverForget,1,0
YourActionsSaveLives,6,0
BorisHasFailedUK,1,0
chocolatehummus,1,0
maternityleave,1,0
Vaxxed2,1,0
COVID19.Special,1,0
WIStaysHome,1,0
CallitCovid19,0,1
littleinvestment..,1,0
AbachaLoot,1,0
"1,",1,0
FakeNews,1,0
SLCo,2,0
ICantBreathe,2,1
Pennsylvania,1,2
APFightsCorona,2,0
"Mother,",1,0
DStv403,3,0
MyCOVID19NaijaStory,1,1
RBEIWellnessFirst,1,0
India,8,1
FutureWeWant,1,0
s,2,0
JoesNotSorry,1,0
everyoneneedsanOT,1,0
lockdownrecipe,1,0
Kazakhstan,1,0
WorldRefugeeDay,0,1
BJP,1,0
StaySafeStayHome,1,0
easter,1,0
SonYeJin,1,0
pmcaresfund,1,0
makeinindia,1,0
IndependenceFromTrump,0,1
TrumpDeathToll95K,1,0
"BA,",0,1
MemorialDayWeekend2020,1,0
OUTNOW,0,1
vituskickstarter,1,0
isolation,1,0
mbpoli,1,0
COVID2019,15,0
TyrannicalTrump,1,0
TWICE,1,0
SpreadHumanity,1,0
MaskMandates,1,0
GujaratModelExposed,0,1
covid19australia,1,0
"Hajj,",1,0
HambalyoSomaliland,1,0
Hypocrites,1,0
losingit,1,0
Pedogate,1,0
access,1,0
propaganda,1,0
VoteBlue2020,1,0
Pizzagate,1,0
GoJoe,2,1
abpoli,1,0
coviddeaths,1,0
044,1,0
wEcommerceMumbai,0,1
KillerCuomo,0,1
TakeItOnTheChin,1,0
WeAreNotPlaying,1,0
LockDownDiary,1,0
Ontario,1,0
JEN2020,0,1
SCASKSFAUCI,1,0
ConfinementJour39,1,0
CovidForProfitScam,1,1
Coronavirus?,5,0
Hyderabad.,1,0
TORNADOWARNING,1,0
sayNoToUGCguidlines,1,0
COVID19TSHELP,1,0
PMQs,7,0
newmusicvideo,1,0
chopsfives,1,3
reopenCanada,1,0
TRUMP:,1,0
EndCorruptionNow,2,0
8,1,0
"DoctorsDay,",1,0
documentary,1,0
EnglishNEWS,1,0
EPFO,0,2
ChinaLiedPeopleDied,3,0
Pittsburgh,1,0
AAPI,1,0
DiscoveryGrant,1,0
MizuharaKiko,1,0
Pakistanis4Pakistanis,1,0
Browns,1,0
SUHO,1,0
President,0,1
25thAmendmentNow,1,0
COVID19SWEDEN,1,0
ClimateChange,0,1
Brasile,1,0
PRISON,1,0
njpwtogether,1,0
VoteRed,1,0
BetterHealth,1,0
Covid19Out,1,1
China's,1,0
Louisville,1,0
SpreadCalmNotFear,2,0
"NationalDayofPrayer,",1,0
TrumpDeathToll85K,0,1
Corona19,1,0
protest2020,1,0
NoMaskNoTacos,1,0
Loamyword.,1,0
seun,1,0
Russian,0,1
nhsheroes,1,0
Italy.,1,0
topoli,0,1
StockMarket,1,0
Zermatt,2,0
CovidReadyStudy,1,0
FiveEyes,1,0
Maharashtra,1,2
BoycottChineseProducts,1,0
21daysLockdown,1,0
Break:,1,0
Police,1,0
BlackWidow,0,1
SABCNews,2,0
deAdder,0,1
SafeHands,3,1
SouthDakota.,1,0
TweetforTaiwan!,0,1
SanAntonio,1,0
SouthernKadunaMassacre,0,1
Coverup,1,0
vaccine,1,0
covid19UK,1,0
DemocratPork,0,1
Kanolockdown,1,0
newborn,1,0
Ramadan2020!,1,0
Armenia's,1,0
Covid19...,1,0
HalloweenKills,1,0
ARod.,1,0
TrumpsCoronavirusRally,1,0
NY,1,0
"newparents,",1,0
BillyGraham,0,1
Khairpur.,1,0
Pernaut,1,0
highestdeathrateinEurope,1,0
BharatBiotech,1,0
Hospital,2,1
PlayYourPart,1,0
GoodTechIBM,1,0
Ohio,0,1
TakingOnCorona,1,0
JWST,1,0
TrumpIsALaughingStock,1,0
COVID19Nigeria;,1,0
Coronapandemic,1,0
Scotland,1,0
ShareMyCheck,1,0
IamEuropean,0,1
NJ,2,0
COVID19,1365,212
lockdown.ü§¨,1,0
connection,0,1
GlobalResponse,2,0
SCDemocraticPrimary.,1,0
KP5,1,0
chloroquine,1,0
TaiwanCanHelp.,1,0
‡∏°‡∏¥‡∏ß‡∏Å‡∏•‡∏±‡∏ü,1,0
Coved_19,1,0
Pedowood,1,0
"OurNHSPeople,",0,1
cowghee,1,0
COVID19?,3,1
"Lagos,",1,0
woodberry,0,1
doglovers,1,0
Kenyan,1,0
hydroxychloroquine,3,1
BePositive,1,0
GeorgeFloyd,4,2
MyBrothersKeeper,1,0
PPP,3,0
HAPPYTALISM,1,0
MitchPLEASE,0,1
coronavirusuk,5,1
IrelandPhase1,1,0
2A.,0,1
Kingston,1,0
IStandWithTucker,1,0
AliensExist,0,1
SB163,1,0
MemorialDay,3,0
RIPAbbaKyari,1,0
cbcmb,1,0
PKP,0,1
QuarantineOnlineParty,1,0
QuarantineChronicles,1,0
FreeRealityWinner,1,0
keepsmiling,1,0
"lockdown,",1,1
AmitabhBachchan,1,0
Switzerland,1,0
australialockdown,1,0
StrongerTogether,4,0
FailedLockdown,1,0
COVID„Éº19.,2,1
JapaneseGP,1,0
CommonwealthVeterans,1,0
Christian,1,0
TwitchStreamAid,1,0
DomesticViolence,0,1
SB19ikakoSaASAP,0,1
IU,1,0
CoronaLockdown,2,1
promoteFinalYearStudents,1,0
Covid19SA,3,0
Level4Restrictions,1,0
MaskUpWA,1,0
ImmigrantHealthHeroes,1,0
bigbaby,1,0
PressBreifing,0,1
Modi's,1,0
phdchat,3,1
autotune,1,0
Cele,1,0
edutwitter,1,0
WeSawThat,1,0
M7Address.,1,0
Karnataka:,1,0
Obamagate:,0,1
lagov,4,1
WuhanVirus,4,1
coronavirus-,1,0
MichaelHickson.,1,0
GregAbbot,1,0
MaskTest,1,0
CoronavirusIndia.,1,0
EarlyYearsMatter,1,0
7,1,0
UniversityExams,1,1
Plandemic,1,0
StayAtHomeSaveLives,1,1
NHSüíôwho,1,0
day57oflockdown,1,0
DO,1,0
femicide,1,0
LiveLife,1,0
GandujeHasFailedKano,0,1
COVID„Éº19,32,4
oilprice,1,0
BarelyThereBiden,1,0
"NewZealand,",1,0
"Chicago,",1,0
Chile,1,0
COVIDmalaysia,1,0
WAKEUP,1,0
ProtectNurses.,1,0
CTET,1,0
TrumpsCOVIDfails,1,0
blacklivesmatteraustralia,1,0
CoronaHeroes,1,0
safmsunrise,1,0
Tanzania,1,0
Karnataka,1,0
COVID_19,2,0
TrumpPandemic,2,0
BobAndDoug,1,0
fauci,1,0
Netherlands,1,0
parenting,1,0
BlackLivesMattter,0,1
QuedateEnCasa,2,0
"penguins,",1,0
Easter,2,0
LalbaugchaRaja,1,0
WeWantDrFauciDailyBriefings,0,1
Catteningthecurve.,1,0
NotTheOnion,0,1
AbbracciaUnCinese,1,0
Unitebehindscience,1,0
AmericaFirst,3,2
StayHYPED,1,0
covid19contest,1,0
AWANInews,2,1
TBH365.,0,1
coronavirusvaccine,2,0
Paris,2,0
Nara,1,0
RamdevCoronaCure,0,1
COVIDStopsWithMe,1,0
UNICEF,0,1
earlyexperiences,1,0
melbournelockdown,0,1
TrumpPressConference,4,3
PayTheArtist,1,0
"Bangkok,",1,0
TeamTaylorMade,1,0
reiders,1,0
KomunikasiKita,0,1
PPE.,0,1
"CrushTheCurve,",1,0
TrumpRallyTulsa,1,0
BarnardsCastle,1,0
CoronaVirus,36,2
ICMR,1,0
Florida,9,3
AskWHO,1,1
PressBriefing,2,1
CNN,1,0
EndTrumpsWarOnAmerica,1,0
ÏòàÎ¶¨,1,0
Covid19Lagos,1,0
EasterSunday,1,0
IndefiniteLockdown,1,0
HandHygiene,2,0
InternationalDayOfHappiness,1,0
karenavirus,1,0
Ireland,2,0
Coronavirus;,1,0
coronavirus!,2,1
SeaBass,1,0
AskQuestions,1,0
SambitPatra,1,0
Oklahoma?,0,1
texascovid,1,0
NairaForAccess,1,0
Nebraska.,1,0
TrishRegan,0,1
RBI,1,0
CentralPark.,1,0
njpw,1,0
WWG1WGA,1,0
MaskUpMichigan,1,0
TrumpIsA_DANGER_ToAmerica,0,1
scfc,1,0
VaraVaraRao,1,0
Coronapanic,1,0
lockdown.,1,0
CoronaKillerNeem,1,0
freecourses,1,0
pescatarian,1,0
TokyoMuseums,0,1
"CoronavirusLockdown,",2,0
british,1,0
TulsaTrumpRally,0,2
JoeBiden,2,0
MinuteSilence,0,1
WheresMitch,2,0
earthquake,1,0
OneMoreJumla,0,1
foodporn,1,0
YoonHak,1,0
TrumpDeathToll137K,0,1
SendPPE,1,0
FOX35,0,1
Breaking:,1,1
NationalLottery,2,0
OpenSafely,0,1
KendrickLamar,1,0
Wisconsin,1,0
covid19kenya,1,0
rtept,1,0
Hotline,1,0
oregon,1,0
DeSantisResign,2,0
LIVE,1,0
ChiefNursingOfficer,1,0
WebQoof,1,0
FamiliesFirst?,1,0
london,1,0
AhHaHaHa,0,1
TrinityBellwoods,0,1
RT,1,0
mattgroening,1,0
ICICIBank,1,0
Chennai,1,0
kwawesome,1,0
BAbetrayal,0,1
JusticeForRituparnaPegu,1,0
AbbaKyari,1,0
CluelessBJPGovt,2,0
physicians,0,1
bcpoli,1,1
NOTINMYHOME,1,0
Buhari,1,0
BlackLivesMatter.,1,0
TheHighWire,1,0
CoronavirusIndia,1,0
COVIDIOT,2,1
springst,1,0
Limerick,1,0
testingkits.,1,0
BHnasional,1,0
Georgia,0,1
TrumpsEvilPlan,1,0
Coronil,2,0
"Covid19.""",1,0
coronavirusaustralia,2,0
COVID19Canada,1,0
Unhinged,1,0
ManKiBaat?,1,0
COVID,14,2
NeilFerguson,1,0
Abuja,1,0
icantbreathe,1,0
covidtexas,1,0
Moid's,1,0
clapforkeyworks,1,0
QuarantineATVShow.,1,0
101waystoplay,1,0
covid19pandemic,0,1
"COVID19,",66,10
"CPTPP,",1,0
Unbelievable,1,0
NavajoNation.,1,0
golf,0,1
NUFC,0,1
NoSalgasdeTuCasa,1,0
DemocratsAreDestroyingAmerica,1,0
makemoneyonline,1,0
TrumpCovidFails,0,1
ShareThis,1,0
GLNRToday,1,0
CoronavirusOutbreak.,1,0
MedicalSupportEU,1,0
Florida's,1,0
"ObamaGate,",1,0
CurfewKE,0,1
TruthLivesHere,0,1
Birmingham,1,0
RiseAboveHate,1,0
coronavirus/#Covid19,1,0
Covidngr,1,0
minneapolisriots,1,0
CuppyFoundation,0,1
DuduzaneZuma,1,0
nCoV2019,1,0
SUPERNOVA's,1,0
BriefButSpectacular,1,0
racism,2,0
VEDay75,1,0
quarantini,1,0
NorthernIreland:,1,0
StrongerTogether.,0,1
Pangolin,1,0
BikeBrampton,1,0
fox10phoenix,1,0
Stuttgart,1,0
KayBurley,4,0
canpoli,1,0
BREAKING:Turns,1,0
CFC,1,0
update:,2,0
STAYHOMESAVELIVES,1,0
StayAtHomeOrder,0,1
AFP,1,0
NASA,2,0
Bakersfield,0,1
DeSantisBetrayedFlorida,1,0
MS.,1,0
CriticalCare,1,0
wehaveroghts,1,0
PSG,1,0
Hushpuppi,0,1
bbcfootball,1,0
ABCNews-,1,0
tylerperry,1,0
lockdownindia,0,1
WWE,2,0
‡¶¨‡¶æ‡¶Ç‡¶≤‡¶æ‡¶ö‡¶æ‡¶Ø‡¶º‡¶®‡¶æ‡¶Ö‡¶Æ‡¶ø‡¶§_‡¶∂‡¶æ‡¶π,1,0
whatdidwethinkwouldhappen,1,0
YERI,1,0
"MentalHealthMonth,",1,0
covid1in10,1,0
CoronaVirus.Today,1,0
AmyMcGrath,1,0
COVID19Pandemic,6,0
WeserveJoburg^TK,1,0
getusadamntest,0,1
NOT,1,0
PSRW,1,0
essentialservices,0,1
SelfQuarantine,2,0
LetLondonBreathe,2,0
TrackandTrace,1,0
PanicPorn,0,1
seafood,1,0
MoneywebNews,1,0
UFCJAX,0,1
Swasari',1,0
"pressrelease,",1,0
dc,1,0
ThursdayThoughts,5,1
NewZealand,1,0
covid19africa,1,0
NYC,3,0
Gravitas,2,0
coronavirus?‚Äù,1,0
Level3Restrictions,0,1
police,1,0
swearing,1,0
fintechs,1,0
Google,1,0
EhsaasEmergencyCash,1,0
US,1,1
WearAMask,7,3
MareaBlancaCoronavirus,1,0
DeSantisFailedFlorida,1,0
Zambia,1,0
ForAGreaterLagos,1,0
Kushner,0,1
Covid19,130,18
misplacedpriorities,1,0
coronavirusdeaths,1,0
FIRForSushantUnder302,1,0
StayatHome,4,0
NationalDoctorsDay,3,0
PMIk,1,0
MaskUpHoosiers,1,0
FortDetrick,1,0
Homeopathy,1,0
Guangdong,1,0
BeTheBest,1,0
giveaway,1,0
disabled,1,0
leadership,0,1
SuperSpreader,0,1
PritiPatel,1,0
Covid19Brasil,1,0
Germany.,1,0
WSJWhatsNow,0,1
WuhanVirus!,0,1
BrettHankison,0,1
RYSENSHYNE,1,0
CoronavirusReliefBill,1,0
auspol,14,1
Lockdown3,1,0
WheresPence,1,0
CDS2020,1,0
ChinaMustExplain,1,0
housing,1,0
DistanciationSociale,1,0
1.,1,1
HIV,1,0
government,0,1
Coronavirus,126,27
DemDebate,0,2
Rwanda's,1,0
AL,1,0
s0905,1,0
NursingHomeDeaths,0,1
coronavirus‚ÄºÔ∏èüò°üò°ü§¨,1,0
FindBertie,1,0
EmergencyAppeal,1,0
TrumpMadness,1,1
ZanupfMustGo,1,0
mufc,2,1
deconfinement,1,0
SciComm,1,0
cancer,1,0
Employers:,1,0
HeroesAct,2,0
Thread,4,0
OdishaHonorsCovidWarriors,1,0
TrackingAndTracing,5,0
justintrudeau,1,0
BLKBottomLine,1,0
TexansHelpingTexans,0,1
scan,1,0
covid19nfld,1,0
economy,0,1
PrayTogether,0,1
GPC,4,0
grieftherapist,1,0
Covid19UG,1,1
socialdistancing.,1,0
Health,2,0
ResiliArt,0,1
AWANI745,1,0
ScienceNotSilence,0,1
parenthood,1,0
digital,1,0
desighee,1,0
WakeUpAmerica,0,1
priorityCOVIDresearch,1,0
AbortionIsNotHealthcare,1,0
LeicesterLockdown!,1,0
AIDSMEMORIALQUILT,1,0
CNNSOTU,5,3
transparency,1,0
CollinsKhosa,2,0
MissionDharavi,1,0
InternationalNursesDay,1,0
covidtoronto,1,0
Singapour,1,0
AprilFoolsDay,1,0
EveryRupeeCounts,0,1
COVIDEquityChat,1,0
UtahStrong,1,0
scicomm,1,0
StephenMiller,1,0
CPS,1,0
DoctorsDay.,0,1
"Wuhan,",2,0
Manchester,1,0
bats!,1,0
ClassOf2020,1,0
dinner,1,0
SaferAtHome,3,0
ChineseVirus19,0,1
CoronaUpdatesIndia,1,0
CovidIsOver,1,0
CovidLogic,0,1
CoronaVirusSA,10,1
HANNITY,1,0
DisabledNotDisposable,1,0
ModiMadness.,0,1
Pantajali's,1,0
gwbps,1,0
covid_19,2,0
ICMRFIGHTSCOVID19,1,0
CoronaWarriors,2,0
COVID19+,1,0
Kentucky,1,1
SDGs.,1,0
HWRA,1,0
COVID19;,10,0
BREAKING:,47,6
FinalYearExam,1,0
PuertoRico,1,0
WuhanCoronavirus,2,0
AllInIllinois,1,0
Sekolah,1,0
Covid_19.,2,0
Philippines,1,0
NkosazanaDlaminiZuma,0,1
PeakDistrict,1,0
ResponsibleRestartOhio,1,0
freeourpeople,0,1
OpenAmericaToday,0,1
coronavirus-related,1,0
COVID?19,1,0
JoinThePolice,1,0
Kerala,1,0
ShareHOPE,1,0
Newsfeed,1,0
Wales,1,0
HealthForAll,3,0
OneV1,1,0
LockDownOndo.,1,0
MoneyForThePeople,1,0
TrumpKillsTexas,1,0
PublicHealth,1,0
WhereIsBoris,1,0
LordVenkateswara,1,0
Checkpoint,1,0
FallCaball,1,0
COVID__19,8,2
NavajoNation,1,0
Covid19India,1,0
mulive,1,1
TheMandalorian,1,0
WorldU17,1,0
chartoftheday,1,0
howimfeelingnow,1,0
FixItJesus,0,1
DNAMedicines,1,0
midwives,0,1
CNNSesameStreet,2,0
MaskShaming,1,0
lockdownextension,5,1
11mai2020.,1,0
diamondplaza,2,0
instapoll,2,0
China!,1,0
KungFlu,0,1
Breaking,5,2
RiverChurch,0,1
MaskUpOhio,1,0
FoxBusiness,0,1
DemocraticResistanceTaskForce,1,0
Brazil,3,0
mmlockdown,0,1
IgnorantKenyans,0,1
StaySafe,14,1
Mentalhealth,1,0
AusPol,1,0
MorningLive,1,0
HEROESAct,1,0
5G,1,0
PromisesKept,0,1
NMFBCares,1,0
CarbonOffsetting,1,0
india.,1,0
immunology.,1,0
ThePurge,1,0
MaskOn,1,0
Rajasthan's,1,0
GoodJobCop,1,0
Indonesia.,1,0
TrumpGenocide,1,0
coronavirus,619,95
XiJinping,1,0
TobaccoExposed,1,0
MaskUp,2,0
SaveALife,1,0
takecarebeforyoushare,0,1
DPANow,0,1
Lockdown,3,0
PlanetOfTheApes,1,0
LOONA,1,0
ChineseVirus,3,0
tweetorial!,1,0
BJPsDistractAndRule,1,0
ProtectNM,1,0
MakeAmericaGreatAgain,1,0
CrushTheCurve,5,0
Tampa,0,1
cooking,1,0
ntpol,1,0
litter.,1,0
ObamaGate,1,0
CoronaKidney,1,0
SaturdayMotivation,1,0
FAIRblog,0,1
savelives,2,0
covidsafe,2,0
COVIDreliefIRS,1,0
TamilNadu,2,0
covid,8,0
frontliners,1,0
SONA2020,0,1
CoverYourFreakinFace,1,0
Israel,0,1
SlowtheSpread,1,0
GoC,1,0
TrumpOwnsEveryDeath,1,4
ThanksHealthHeroes!,0,1
nhs,1,0
liveline,3,0
RahulBajaj,1,0
animalcruelty,1,0
MadeInRwandaüá∑üáºprotective,1,0
CrossTalk,0,1
OurPresidentBernie,1,0
BREAKING,28,5
maskup),1,0
TrumpIsAPublicHealthMenace,0,1
NoToABSCBNShutDown,1,0
coronavirusBotswana,1,0
film,1,0
COVID19Aus,1,0
FBPE,0,1
borneobulletin,1,0
Watch,2,0
COVID19:,31,2
Trump,7,7
ONEV1,2,0
LotusHerbals,1,0
ApologizeIndiaTV.,1,0
saveThaiFarmers,1,0
Impeachment,1,0
Covid_19SA,1,0
Covid19InSA,1,0
Eyewitnessreport,1,0
cumgate,1,0
quarantine,2,1
Chinese,1,0
covid19canada,1,0
CAF,0,1
LockdownIreland,0,1
boston25,1,0
TrumpIsACompleteFailure,0,1
LFC,3,0
OdishaFightsCoronaVirus,1,0
contestday,1,0
coronaviruskenya,1,1
EndTheNightmare,0,1
Coronavirus.,25,1
OPINION:,1,0
BigOnlinePar,1,0
AllLivesMatters,1,0
Cdnpoli,5,0
NationalLockdown,1,0
covid19?,1,0
EidAlAdha,0,1
ThursdayMotivation,1,0
UK,4,0
CompassionateRelease,0,1
church,0,1
ksleg,0,1
BlockCovid19,1,0
WHO.,1,0
lockDownSouthAfrica,1,0
prayers,1,0
andrewwong,1,0
ExecutiveOrder,1,1
newmusic,1,0
AMJoy,1,0
Soleimani,1,0
VirginiaTech,1,0
COVID_19uk,3,0
WeHealAsOne,1,0
MSNBC,1,1
vanguardnews,2,0
newstarterfurlough,0,1
vicpol,1,0
