user,nonrumour,rumour
,6,1
funkeakindele,1,0
JohnCornyn,0,1
earth_medic,1,0
SimonScarr,1,0
samjawed65,0,2
Chime,1,0
country935fm,1,0
JTAnews,1,0
marybethpf,1,0
RArcadioINQ,1,0
maggiemfox,1,0
EIDGeek,1,0
instablog9ja,1,0
GovMurphy,2,0
Javier_Alatorre,1,0
SamiRamadani1,1,0
chanzuckerberg,1,0
BISouthAfrica,6,1
strickdc,0,1
adamboultonSKY,1,0
business,1,0
LoblawsON,1,0
JoshFrydenberg:,1,0
EASPORTSFIFA,1,0
VicoSotto,0,1
politicususa,7,6
radio_rpa,1,0
LAGalaxy,1,0
thehill,0,2
LADeptHealth,1,0
"stephenfry,",0,1
thewanreport,1,0
nancook,2,0
PrinSciAdvGoI,1,0
guardian,2,0
griffwitte,1,0
NASSCOM_Hyd,1,0
LaunchTN,1,0
KayleighMcEnany,0,1
TheDemocrats,1,0
gtconway3d,0,1
Apple,2,1
shanghaiist,1,0
juliettekayyem,1,0
LouRaguse,1,0
TheHill,0,1
CNBC,5,2
wayncharles,1,0
OxfordMedSci,1,0
RandPaul,1,2
ProjectLincoln.,0,1
WholeFoods,1,0
cesc4official,0,1
"slpng_giants,",1,0
RSunak,1,0
BBCPanorama,1,0
ewnupdates,1,0
unicef,0,1
wsbtv,1,0
josh_disbrow,0,1
SomhaleF,1,0
sriramulubjp,2,1
jocelynkaiser,1,0
nyachula,1,0
Pijush_hazarika,1,0
mjrowland68:,1,0
thedailybeast,1,2
tedbarrettcnn,0,1
tileh_danceking,1,0
iamcardib,0,1
business:,10,0
GovRonDeSantis‚Äô,1,1
SavannahGuthrie,1,0
NAkufoAddo,2,0
ArvindKejriwal,6,2
"SpaceX,",1,0
StigAbell,1,0
"lachmi0809,",1,0
bylenasun,1,0
jflem94,1,0
LachlanForrow,1,0
celliottability,2,0
J_CD_T,1,0
johnjharwood,0,1
SaysDana,1,0
RahulGandhi,3,0
SadiqKhan,1,0
stcollinson,1,1
ANILGALGALIRTI.),0,1
DailyCaller‚Å©‚Å¶?,1,0
NBCNightlyNews,1,0
Turn_IO,0,1
jnorthcottCBC,1,0
KQEDnews,1,0
fordnation,4,0
Weijia,1,0
SonicHUSA?,1,0
eileenguo,1,0
TheAthleticNBA,1,0
WHO‚Äôs,1,1
NHSuk.,1,0
NFL,0,1
briticoyemo,1,0
crisis_uk,1,0
fox13,0,1
MidYorkshireNHS,1,0
NASA,1,0
USAmbUN,1,0
vijayanpinarayi,1,0
theKanikaKapoor,1,0
ErinBanco,0,1
pbcsd,1,0
MIRSNews),1,0
MichaBPHolloway,0,1
Jackson_Carlaw,1,0
GovSisolak,0,1
NIAIDNews,1,0
emilymbadger,1,0
BBCDorset,1,0
latimes,2,0
OANN,3,0
SWPPortTalbot,1,0
eNCA,1,0
BrookeBCNN,1,0
AmitShah,3,2
TucsonRomero,0,1
Facebook,0,1
HishammuddinH2O,1,0
"ElonMusk,",0,1
MikeRowe.,0,1
MBuhari‚Äôs,1,0
segalink,1,0
nypost,3,0
USAID,0,1
PHE_uk,2,0
khallareinq,1,0
huseinmoha,1,0
nbcwashington,1,0
GarrettHaake,1,0
APOSTLESULEMAN,1,0
MagufuliJP,1,0
ishafoundation,1,0
JustinTrudeau,5,1
yabutaleb7:,1,0
JStein_WaPo,1,0
jackiebmsp,0,1
mendel_random,1,0
MarthaRaddatz,1,0
bydarrylfears,1,0
MeidasTouch,1,0
achyuta_samanta,1,0
roinnslainte,2,0
DoctorChrisVT,1,0
ikamalhaasan,1,0
SWPNeath,1,0
nakashimae,0,1
sherifink,1,0
SmithDanaG.,1,0
KayBurley,3,0
usatoday,1,2
CovidActNow),1,0
Drpulmo,1,0
Trump,1,0
juggernautbooks,1,0
amjoyshow,0,1
JeffPassan,1,0
UN's,1,0
WRAL,1,0
BW:,1,0
gofundme:,1,0
jacobmark_sf,1,0
SatyendarJain,1,0
JohnJHarwood,1,0
RepTomRice,1,0
nmanigeria,1,0
SarahLeeGuthrie.,1,0
OncoAlert,1,0
HRDMinistry,2,2
kprather88,1,0
policescotland,0,1
malcolmbrodie?,1,0
ABC,8,3
IsraeliPM,1,0
SteveHartmanCBS,1,0
Kier_Starmer,1,0
icsi_cs,1,0
KaizerChiefs,1,0
TfL,1,0
CMO_Odisha,1,0
38_degrees,1,0
AFCLeopards,1,0
ChangeOrg_India,1,0
WHO),1,0
llerer,0,1
WairiMunyinyi,1,0
KLoeffler's,1,0
CPAC,1,0
IITKanpur,0,1
euromaestro),1,1
GovMikeHuckabee,0,1
JudicialWatch,1,1
iciradiocanada,1,0
Acosta],0,1
gujedudept,1,0
PhilipRucker,1,1
benfelder_okc,1,0
UMMS.,1,0
AUThackeray,3,0
CyrilRamaphosa,3,2
moderna_tx's,0,1
udayfoundation,1,0
IndiasMuslims,2,0
grandson.,2,0
GlendaleAZ,1,0
jaredpolis,0,1
"narendramodi,",1,0
bbclaurak,1,0
UNFoundation,1,0
BrettHaber,1,0
ELUCD_inc,1,0
GovAndyBeshear,1,0
sarah_keoghan,1,0
NICKIMINAJ,1,0
CashApp,1,0
GlobeBusiness,1,0
webEcodiBergamo,1,0
ericawerner,1,0
ScotGov,1,0
SquawkStreet,1,0
Sir_David_King's,1,0
Jumpman23,1,0
CAGovernor‚Äôs,1,0
SamiMokbel81_DM,1,0
OfficeGSBrown,1,0
GovGoneWild,1,0
benshapiro's,0,1
OfficeofUT,1,1
BrookingsGov,1,0
mirjordan,0,1
SkyNewsAust,1,0
foxnews,0,1
ThomasErdbrink,1,0
SCC_eng,1,0
HenryFordNews,1,0
NCDCgov,9,1
TimesNow,1,0
elainaplott,0,1
telegraphnews,0,1
GM,0,1
thecableng,5,2
PypAyurved,1,0
FLCaseyDeSantis,1,1
"NYGovCuomo,",2,0
SeatGeek,0,1
tim_cook,1,1
LC_briang,1,0
JudiciaryGOP,0,1
NarendraModi.,1,0
paigestjohn,1,0
DailyMirror,1,1
atrupar),1,0
SBAGov,0,1
AfricaFactsZone,1,0
GenFlynn.,1,0
DerrickVanGenn2),1,0
ColbyItkowitz:,0,1
QuickTake,1,0
RonDeSantisFL,1,1
JustinTrudeau.,1,0
FoxBusiness,1,1
Reinlwapo,1,0
HussainManawer,1,0
"ShamikaRavi,",1,0
NewsHour,1,0
nolanentreeo),1,0
ErinAllday,1,0
ShamsCharania.,1,1
jljcolorado,1,0
KateUpton,1,0
6ix9ine,0,1
AnnalsofIM,1,0
DOTrPH),0,1
"DrOz,",1,0
wpri12,1,0
dvergano's,1,0
schaeferdaniel,1,0
ciwf,1,0
Goldbug40,0,1
"DanielAndrewsMP"",",1,0
JohnSwinney,1,0
"StubHub,",0,1
RoyalFreeNHS,1,0
covid19.,1,0
phrma,1,0
bareillytraffic,1,0
TmarcoH,1,0
orlandopirates,0,1
Imperial_JIDEA,1,0
HealthyBrown,1,0
SignHealth,1,0
tito_mboweni,1,0
YouTube,1,1
PAHealthDept,1,0
10NewsFirst,1,0
politico.,1,0
USNavy,3,0
CWGC,1,0
"AnnelieseDodds,",1,0
AaronNolanNews,1,0
SpectatorUSA,1,0
KannoYoungs,0,1
StarTalkRadio,1,0
ChrisRugaber,1,0
imbhupendrasinh,1,0
HealthZA,1,0
harbhajan_singh,1,0
Forbes,1,0
CarolineLucas,1,0
LeoVaradkar,1,0
BlueAngels,1,0
BrendaKLeong,1,0
ericgarcetti,0,2
nhk_news),0,1
donmartinctv,0,1
Lagarde,1,0
sebastianpinera,1,0
NHSBT,1,0
cmatacic,1,0
joe_cressy,1,0
torontostar,1,1
GayTimesMag,0,1
YLP_UNDP,1,0
stpd_ny,1,0
NABJ,0,1
MZanona,0,1
ghaziabadpolice,1,0
mPinoe,0,1
DrJulie_H,1,0
Christian4BuryS,1,0
WhiteHouse,17,1
WSJ:,1,0
ManCity,1,0
IWGBunion,1,0
HQNigerianArmy,1,0
DanielAndrewsMP,1,0
aminlaschet,0,1
WHO.,2,0
greta.,0,1
drsangitareddy,1,0
WDCouncil,0,1
AasmahMir,1,0
OneWorldLit,1,0
joelmchale,1,0
LSMOH,1,0
KellyannePolls,1,0
rtenews,2,0
CMarquezINQ,1,0
NHSEngland,6,0
NBCNews.,2,1
"AOC,",1,0
FTFDetroit,1,0
cnnopinion,1,0
raphbosano,1,0
KarlRove,1,0
niro60487270,1,0
financialtimes,2,0
FurmanMLAX,1,0
GavinWilliamson,1,0
CNNSitRoom,2,0
"JustinTrudeau,",1,0
BBCNewsnight,1,0
DrEOEhanire,2,0
BuzzFeedNews,0,1
britishchambers,1,0
Gidi_Traffic,2,0
ICMRDELHI,1,0
NBCSports,1,0
AbortionSupport,1,0
fionawduncan's,1,0
UNC,1,0
NarendraModi,1,0
bycrystalthomas,1,0
aiims_newdelhi,1,0
USAmbPoland,0,1
AnnelieseDodds,1,0
CEPIvaccines,1,0
ScottGottliebMD,3,0
NHSBartsHealth,1,0
BBCOne,1,0
NNPCgroup,1,0
BigBird,1,0
1soyeonryu,0,1
NOIweala,1,0
KyraPhillips,1,0
PrabhuChawla,1,0
naturaandco,0,1
kadiagoba,0,1
FinancialTimes,1,0
carlavizzotti,1,0
RodneyDavis.,1,0
theage,1,0
bristolYS4C,1,0
OfficialSYP,1,0
dansolomon,1,0
MeaganWeiland,1,0
swpolice,1,0
ECONdailycharts,1,0
"billgates,",1,0
metpoliceuk,1,0
QaanitahHunter,2,0
msisodia,2,0
bethreinhard,1,0
realdonaldtrump!,1,0
AlokSharma_RDG,1,0
"SangerNYT,",0,1
votegriffin,0,1
OfficialSdmc,0,1
herime23,1,0
"Twitter,",0,1
MudHens,0,1
firstdraftnews',1,1
AFThunderbirds,1,0
SimoneEli_TV.,1,0
UBAGroup,1,0
LtGovJoshGreen,0,1
MatthewOPrempeh,1,0
TeamNews24,1,0
WhipClyburn,1,0
RandPaul:,1,0
cazjwheeler,1,0
Stellarated,1,0
detroitpolice,1,0
JHSPH_CHS.,1,0
SkyNews,2,0
"theicai,",1,0
Keir_Starmer,3,0
nyphospital,1,0
indiatvnews,1,0
9NewsAUS,1,0
NHSCharities,1,0
drobafemihamzat,2,0
sltrib.,1,0
richard49step.,1,0
UKStatsAuth,1,0
WHOKenya,1,0
louisvillemayor,1,0
AOC,3,0
BillLeeTN,1,0
shahid_siddiqui,0,1
GovRaimondo,0,1
NewsfromScience,1,0
info_TGHN,1,0
realDonaldTrump's,12,5
justinbaragona,1,0
Jim_Jordan,2,0
latfoto,1,0
UnitedWay,1,0
Alberta_UCP,1,0
chaseelliott,1,0
MarylouiseMcla1,1,0
samaugustdean,0,1
ramsaysky,1,0
bgittleson,0,1
NussenzweigL,0,1
Rafael_Bernal_,0,1
adv_fulcrum,1,0
gtbynum,0,1
edbookfest,1,0
ICEgov,0,1
SreenivasanJain,1,0
LindseyGrahamSC,2,0
Number10press,1,0
awongSW1,1,0
HMOIndia,1,0
skynews,2,0
TammyPetersen87,1,0
Reuters/Ipsos,0,1
Creative_Fed,1,0
"GovNedLamont,",1,0
MayorOfLA,1,0
facebookapp,1,0
TexasTribune:,1,0
"RepKatiePorter,",1,0
DGHisham,2,0
GaryTuchmanCNN.,1,0
SAFoundationN,1,0
who,1,0
trishgreenhalgh,1,0
MelJStride,2,0
Ofstednews,0,1
SenTedCruz,1,0
RichaKedia,1,0
PeterHotez,1,0
NickMiroff,0,1
KFaulders,1,0
kayleighmcenany,0,1
"GavinNewsom,",1,0
ARanganathan72,1,0
charliekirk11,0,1
ericsyuan,1,0
GovRonDeSantisüëèüèªüëèüèªüëèüèª,1,0
Globalbiosec,1,0
"DBongino,",0,1
MakeUK_,1,0
RuhakanaR.,1,0
michaelgove,1,1
AirtelNigeria,2,0
heidi_chung,1,0
NBCNews,6,2
NBCNightlyNews.,1,0
"LindseyGrahamSC,",1,1
mediaite,1,0
meredithwadman,1,0
RCPath,1,0
sallyches,1,0
"RepStephMurphy,",1,0
BreitbartNews,1,3
DeanRock14,1,0
JenniferJJacobs,0,1
Michael_Pooler,2,0
JamesPomfret,1,0
PattyHajdu,3,0
UniOfOxford,1,0
hudge44,1,0
ljiresearch,1,0
TexasTribune,3,0
CBeebiesHQ,0,1
kansiiimeonesmu2,1,0
narendramodi,13,2
NelsonRussellM,1,0
MassGovernor,0,1
"DrZweliMkhize,",1,0
rumireports,1,0
mkraju,2,0
DanTehanWannon,2,0
toluogunlesi,1,0
Akon,0,1
oooitsplasma,1,0
rerutled,1,0
himantabiswa,1,0
katierazz,1,0
HP,1,0
DrMarthaGulati,1,0
PizzaPilgrims,1,0
RuggedyBaba,1,0
toofab),1,1
StephenGrootes,1,0
"KarlRove,",0,1
davidfholt,0,1
redbullracing,1,0
9NewsMelb,1,0
kendricklamar,1,0
Label1tv,0,1
Parliament_Ug,0,1
Interpreter_Now,1,0
profhelenward,1,0
OgwangOgwang.,1,0
jayesh_ranjan,1,0
HansNichols,1,0
"a16z,",1,0
"GovMikeDeWine,",1,0
ColumbiaGSAPP,1,0
NHS_HealthEdEng,1,0
ChelwestFT,1,0
NASCAR,1,0
NEUnion,1,0
GCISMedia,1,0
richardhorton1,1,0
kakumirizi2002,1,0
fyt_ph.,1,0
"EsperDoD,",0,1
televisionjam,1,0
GovMikeDeWine,1,0
CDCMMWR,2,0
michelemunz,1,0
beltel,1,0
bamainsider.,1,0
drgemgem,1,0
AASciences,1,0
"rachelweinerwp,",1,0
TeaPainUSA,1,0
Zelle/@cashapp/@PayPal.,1,0
creat1ve,1,0
cpho_canada,1,0
pbump,1,0
CAPAction,2,0
BillHanage,1,0
RenaultF1Team,1,0
SpeakerPelosi‚Äôs,1,0
LadyGaga,1,1
ChocellaBrixham,1,0
PhilipPullman,1,0
msaludpy,2,0
jidesanwoolu,6,0
Linda_McMahon,1,0
HispanicCaucus,1,0
cacovidng,0,1
washingtonpost,2,0
MartinSavidge,1,0
PhD_Balance,1,0
fluffymisskitty,1,0
EmilyRoseFinn,1,0
globalnews,1,0
yogrishiramdev,1,2
UCPCaucus.,0,1
YaleEMD,1,0
WinCathedral,1,0
OxExpPsy,1,0
GovKaduna.,1,0
Ach_Balkrishna,2,0
virsanghvi,1,0
USATODAY:,1,0
WSJ,7,3
joerogan‚Äôs,1,0
"NHSEngland,",0,1
DiamondandSilk,1,0
USC,1,0
GovStitt,0,1
"NewYorker,",1,0
realDonaldTrump?,1,0
maddow,1,1
JoeBiden‚Äôs,0,1
gmanews,2,1
lindahNabusayi,1,0
Florida_Housing,1,0
amnesty,1,0
JxhnBinder,0,1
Evangelistkemi,0,1
PRoMISScot,1,0
Health_Affairs,1,0
"BloombergDotOrg,",1,0
"localitynews,",1,0
f_l_o_u_r_i_s_h,3,0
drkathrynmannix,1,0
GovPritzker,0,1
CDCMMWR:,1,0
USPS,0,1
Nationwideradio,1,0
McLarenF1,1,0
attackerman,0,1
KEMRI_Kenya,1,0
Gantzbe,1,0
fireisland,1,0
petercoy,1,0
juliamichaels,1,0
MSNBC:,1,0
aminukanoth,1,0
MCCR_CG.,0,1
TODAYshow,1,1
vwang3,1,0
TheAthleticUK,1,0
Statsmin,1,0
followlasg.,1,0
MercedesAMGF1,1,0
IndiaToday,2,0
AkiliDada,1,0
scotgov,3,1
JacobBigio,1,0
SabithaindraTRS,0,1
MattHancock,18,3
PTVNewsOfficial,1,0
arimoin,1,0
Maddow,0,1
SteveBarclay,1,0
starwars‚Äô,0,1
eilperin,1,0
mubangizi1995,1,0
thetimesscot,1,0
mysa,1,0
ASU,2,1
iHeartRadio,1,0
trentaa98,1,0
"RashidaTlaib,",2,0
RepGosar,0,1
MacRelStuds,1,0
iingwen,1,0
YahooFinance,1,0
Peston,2,0
"ericbeachgop,",0,1
The_MRC,1,0
ft,1,0
RadiiChina,1,0
RickieFowler,1,0
fmwales,1,0
Inside_Lacrosse.,1,0
sarahnev,1,0
DrMattMcCarthy,1,0
LegalAidNYC,1,1
NatureNews,1,0
realDonaldTrump.,4,8
SkySports.,1,0
KenyaSRHR,1,0
Protect_Wldlife,1,0
CWhittaker_MP,1,0
SABCNews,1,0
SpectatorUSA:,0,1
KISSFoundation,1,0
OsmaniaOfficial,0,1
theconwom,0,1
kpsanfrancisco,0,1
HSELive,1,1
UTAustin,1,1
BBCBreakfast,2,0
"GovPritzker,",1,1
"foodbankscanada,",1,0
uksciencechief,1,0
RepAOC,1,1
jimsciutto,0,1
redsarah99,1,0
CFL,1,0
FTiafoe,1,0
followlasg,1,0
benprotess,1,0
DougCameron51,1,0
SaraCarterDC,1,1
ISARIC1,1,0
"MarkLevinShow,",1,0
KThomasDC:,0,1
JanetMuseveni,1,0
lmower3,0,1
SenMarkey‚Äôs,1,0
ARCH_housing,1,0
7NewsBrisbane,1,0
scotsman_arts,1,0
BDKoz,0,1
FBI,2,0
mnfreedomfund.,1,0
kmanlupigINQ,1,0
jeanmicheljarre,0,1
jamiewdwright,1,0
someshjha7,1,0
NigAirForce,2,0
chrisgiles_,1,0
DYGalvezINQ,1,0
"Macky_Sall,",0,1
"VP,",2,0
"TNLComFund,",1,0
SoccerAid,1,0
Lawton_Times,1,0
WIONews,1,0
fema,2,2
CouncilmanJames.,0,1
GladysB,1,0
costareports,0,1
La,1,0
avonworldwide,0,1
kategarraway,1,0
MetroUK,1,0
HouseofCommons,1,0
GlobeDebate,1,0
MalaysiaMFA,1,0
IndianExpress,3,1
BarackObama,1,0
NationalGuard,1,0
mayorsforagi,1,0
MVSLive,1,0
EducationFL's,1,0
Datagraver),0,1
VanJones68,1,0
angelmovido,1,0
SpeakerPelosi,4,2
AshokChavanINC,1,0
durham_uni,1,0
GoldmanSachs,1,0
GloWorld,1,0
NC_Governor,2,0
"C_R_Watson,",1,0
scoopercooper.,1,0
jonertweets's,1,0
NewsRaghav,1,0
emmabirchley,0,1
PIB_India,2,0
MdPublicSchools,1,0
arraperezDZMM,1,0
CanadianForces,1,0
"thetimes,",1,0
nytimes.,2,0
TheEllenShow,1,0
IBMScience,1,0
TSEduDept,0,1
rahulkanwal,2,0
MattWalshBlog,1,0
IngrahamAngle's,1,0
"DangeRussWilson,",1,0
pgatour.,0,1
WashingtonPost,1,0
FloridaDBPR.,1,0
DelhiPolice,1,0
ShawnMendes,1,0
ameliagentleman,1,0
HaasF1Team,1,0
SAfridiOfficial,1,0
HEBobiwine,1,0
GovernorTomWolf,1,0
TownofCanmore,1,0
Vindog56,1,0
UNSW,1,0
katie_honan,1,0
"latimesopinion,",1,0
sanjaynagral,1,0
BritishArmy,1,0
josh_akinyemi,1,0
wellcometrust,1,0
forecasterenten,0,1
DCExaminer,0,1
CharlieCooper8.),1,0
Amaka_Ekwo,0,1
DrSJaishankar,1,0
NJ30dayfund.,0,1
iamhemantshinde,1,0
SteveSchmidtSES,1,0
Ettelecom,1,0
freep,1,1
thetimes,3,0
wsj,1,0
BashirAhmaad,1,0
Morning_Joe,2,2
"LawrenceBJones3,",0,1
tv3_ghana,1,0
TheRickWilson,1,0
NYTimes),1,0
KeishaBottoms:,1,0
SundayFutures,1,0
abedelman,0,1
Amref_Kenya,1,0
SenSchumer:,0,1
Acosta,1,1
JarrettBell.,0,1
PostEverything:,1,0
brianstelter,1,1
reedgalen,0,1
MartinLipton,1,0
"JohnsHopkinsSPH,",1,0
SalehaMohsin,1,0
KAguilarINQ,1,0
jimfieldsmith,1,0
GovLarryHogan,0,1
uddhavthackeray,0,1
PetSmart,0,1
DrBobHariri,1,0
DavidLammy,1,0
jshkatz,1,0
sciencecohen,1,1
palkisu,2,0
DrRPNishank,1,2
AAPNews,1,0
JDiamond1,1,0
buzzfeednews,1,0
navinmittal,0,1
slate,0,1
RealDonaldTrump,2,0
"adriandix,",1,0
BJP4India,0,1
JohnsHopkins),4,0
"NBMENow,",1,0
LifeBankNigeria.,1,0
"outsidemagazine,",1,0
GovKemp,4,0
"SenMarkey,",1,0
thespybrief,7,1
jeffmason1:,0,1
abcnews,4,0
NHS24,1,0
ForeignAffairs,1,0
ChrisGPackham,1,0
officialgaa,1,0
ChrisGiles_,1,0
abbydphillip,1,0
Dispatch_DD‚Äôs,1,0
NewIndianXpress,3,0
ImpossibleBrief.,1,0
edyong209,1,1
CBS,1,0
Kroger,1,0
WADeptHealth,1,0
ftopinion,1,0
CityofBoston.,1,0
John_Arash2345,1,0
Netanyahu,1,0
Keir_Starmer‚Äôs,1,0
chesterzoo,1,0
NBCOUT,1,0
kristinesabillo,1,0
GWBPS,1,0
"CaptainTomMoore,",0,1
WFLAJB,0,1
SkyBetChamp.,1,0
GeoffRBennett,2,0
WashingtonPost:,1,0
David_Speers,1,0
mjtildesley,1,0
USAinKSA,1,0
susannareid100,2,0
208_nigeria,1,0
PremnathV6,1,0
seanhannity,2,3
ISID_org,1,0
sbg1,0,2
christophclarey,1,0
MeidasTouch.,0,1
13pt,1,0
fan590,1,0
GavinNewsom,10,1
MazzucatoM,1,0
officialnairam1,1,0
RichardAEpstein.,1,0
foundersfund,1,0
aliciap,1,0
variety,1,0
KocoMcAboy,1,0
MayoClinic,1,0
AldersgateGroup,1,0
ConorGallaghe_r,1,0
RepMaxineWaters,1,0
HouseNGR,1,0
Amref_Worldwide,1,0
BBCTwo,2,1
mybmcCoastalRd,1,0
POTUS.,2,0
MIB_India,1,0
GMB's,1,0
NewsBusters,0,1
sardesairajdeep,2,0
anasglobal,1,0
OfficialFCTA,1,0
henrysward,1,0
ELNEC1,1,0
nsitharaman,1,1
murtazasolangi,1,0
FDRLST,0,1
SonuSood,2,0
MSNBC,2,4
nethahussain,1,0
devex,1,0
TheDailyShow,1,0
RapSheet,1,0
saferneathpt,1,0
GovCanHealth,1,0
official4SYTETV,1,0
abpasmitatv,1,0
BBCScotNine,0,1
politico,2,1
andersoncooper,3,0
adamcancryn,1,0
mpowerminds,0,1
ChrisCuomo,4,0
OfficialPDPNig,1,0
TheJusticeDept's,0,1
Jack,1,0
Health24com,1,0
TV9Telugu.,1,0
DrTedros.,9,1
VirginMediaNews,1,0
nickmmark,1,0
dzbb,0,1
eablitz,0,1
MrAndyNgo,1,0
GideonCRozner,1,0
Nectar_Gan,1,0
hholdenthorp,1,0
RBCH_NHS,1,0
dcislamabad,1,0
BernieSanders,2,0
TomBrady,1,1
dgauruder,1,0
stockx.,1,0
GOPLeader,0,1
DrMikeWGill,1,0
billboard,1,0
ladygaga,0,1
danaparish,1,0
FurmanU,1,0
BorisJohnson?,2,0
ForbesSports,1,0
Ken_Rosenthal,1,0
khamenei_ir,1,0
jdawsey1,3,2
GeorgeMonbiot,3,0
KatrinaPierson,1,0
MartinJDocherty,0,1
MailOnline,5,1
StefSimanowitz,1,0
annewill,0,1
tv9gujarati,1,0
WSJopinion,1,0
gregpmiller,0,1
GenFlynn,1,0
DeutscheBank,1,0
ReillyOpelka,1,0
jimtankersley:,1,0
IrishTimes,1,0
HYSEA1991,1,0
CarinHagberg,1,0
Tesla,2,1
uiowa,1,0
jaketapper,3,0
laurapdavison,1,0
JanssenGlobal,1,0
RBI,2,0
AlbertoNardelli,1,0
NewDay,2,0
"TheFSMB,",1,0
BBCWorld,1,0
NHSTaysideCEO,0,1
CBCTelevision,1,0
cbckidsnews:,1,0
IshitaBhatiaTOI,1,0
HowWeFeel,1,0
GOPLeader:,0,1
billieeilish,0,1
BBCR1's,0,1
arianne_merez,0,1
officialEFCC,1,0
stevenberry,1,0
HumanityForward,1,0
GNev2,1,0
DJohnsonPGA,1,0
"KenPaxtonTX,",1,0
RuhakanaR,1,0
DrAdhamBaba,2,1
jaketapper...,1,0
DUPleader,1,0
ndtv,3,0
Instagram,1,0
hadizel.,0,1
Channel9,1,0
BioscienceAytu,1,0
matthewherper,1,0
vicecanada,0,1
HawleyMO‚Äôs,1,0
MSF_USA,1,0
EleanorAingeRoy,1,0
CNTR4growth,1,0
NCorralesINQ,0,1
HuffPostPol,4,1
thekhrc,1,0
ahmedabadmirror,1,0
priyankathiru,1,0
"RahulGandhi,",1,0
nusrat61,1,0
jburnmurdoch,1,0
NHSEnglandLDN,0,1
Laura_K_Hughes:,1,0
USFHealth,1,0
INTERPOL_HQ,1,0
thesamsorboshow.,1,0
columeastwood,1,0
NDDCOnline,0,1
cyberabadpolice,1,0
CDCgov.,1,0
HarvardChanSPH.,1,0
CityWestminster,1,0
KIITUniversity,2,0
TomChadwick_7,1,0
FirstDallas,1,0
WWE,2,0
RexHuppke,0,1
foxandfriends,1,0
shailajateacher,2,0
jairbolsonaro,0,1
LabourMinNG,1,0
maheemahesh25,1,0
SymoneDSanders,1,0
AaronRichterman,1,0
BBCNews,4,1
AndrewHolnessJM,1,0
GioninosO,1,0
rollcall,1,0
TimMurtaugh,1,1
TheTerminal,1,0
xpresskerala,1,0
"IlhanMN,",2,1
KagutaMuseveni,4,1
BLeeForCongress.,1,0
asadowaisi,1,0
BTS_twt,1,0
womensaidorg,1,0
bnzmagsambol,3,0
replouiegohmert,1,0
CBSThisMorning.,1,0
senatemajldr,3,1
CMOMaharashtra.,1,0
Ashi_IndiaToday,1,0
mrgopal,1,0
Gallup,1,0
globeandmail,2,1
TOITelangana,0,1
LtGovDelhi,1,0
RepTomReed,1,0
NiallOfficial,0,1
dailycaller,0,5
HassanRouhani,0,1
HellenTusuubira,1,0
TataCompanies,1,0
senatemajldr.,0,1
ADavidHaleJoint.,1,0
UKGBC,1,0
DavidJUrban,0,1
ScottGottliebMD),1,0
CNN,13,1
XoliMngambi,1,0
_cingraham's,1,0
WeAreTheMU,1,0
RocketLoans.,0,1
NicoleJames,0,1
JaniceDean,0,1
the_hindu,1,0
WUSA9,1,0
aesopskincare,0,1
miguelmarquez,1,0
SecAzar,1,0
USEmbRuPress,0,1
BreneBrown,0,1
BrianKempGA,1,0
"BorisJohnson,",3,1
MartinVizcarraC,1,0
Chikwe_I,1,0
DPH_MAshton,1,0
rgilliescanada,1,0
voguemagazine,0,1
YouGov,1,0
TrumpWarRoom,1,0
AdamSchefter.,1,0
skynewssam,1,0
7NewsAustralia,1,0
"TedCruz,",0,1
realDonaldTrump!,5,3
rishisunak's,1,0
jendeben,1,0
robertmanodzmm,1,0
marcorubio,1,0
DrLizzySuleman.,1,0
NickCalvert9,1,0
henrymcmaster,1,0
Tu_IMSS.,0,1
bhupeshbaghel,0,1
SteveScalise,1,1
theheraldsun,1,1
GovEvers‚Äô,1,0
statesman),0,1
HawleyMO,0,1
jonsnowC4,1,0
ashishkjha,2,0
CillizzaCNN,1,1
Buccaneers,0,1
derekwillis,1,0
cafreeland,1,0
derekdraper,1,0
"DrTedros,",1,0
SecretaryLevine,1,0
WHO,42,2
dmgbnagar,1,0
Kevin_Maguire,1,0
TheScotsman,1,0
cward1e,1,0
FREDTHEGODSON,0,1
AmbCuiTiankai,1,0
scrippsresearch,1,0
nitin_gadkari,0,1
andrewfeinstein,0,1
usdafsa,1,0
EdinburghUni,1,0
jkenney,0,1
AlsisiOfficial,1,0
ramboreports,1,0
nytimes,14,3
CNBCMakeIt),1,0
PrimeVideo.,1,0
Health_Affairs:,1,0
CityBrampton,1,0
CoryBooker,1,0
GavinNewsom's,0,1
BFI,1,0
AmericaFirstPAC,1,0
HouseDemocrats,0,2
WellcomeTrust,1,0
lauriemcginley2,1,0
hectoravasquez,1,1
VP,10,1
Piersmorgan's,1,0
TPRNews,1,0
"PeteHegseth,",0,1
Deakin,1,0
TheCareReview,1,0
didoharding,1,0
JPNadda,1,1
publicintegrity:,0,1
matthew_wolff5,1,0
seyiamakinde,1,0
BrynnTannehill,1,0
ewarren.,1,0
ProfAkinAbayomi,2,0
CNagpaul,1,0
Carhartt,1,0
PhilMickelson,1,0
UNICEF,1,0
"MattHancock,",1,0
"CNN,",0,1
ErielleReshef,1,0
SZIKS,1,0
NZUN,1,0
republic,1,0
"ryanmeili,",1,0
RAFBrizeNorton,1,0
PostOpinions,1,0
AlbertSamaha:,1,0
AlexNBCNews,1,0
peterstefanovic,1,0
usatodayopinion,1,1
FOX2News,1,0
UN_Women,1,0
GOVUK,2,0
realDonaldTrump,140,53
"CNOEngland,",1,0
csdickey,1,0
gujuni1949,1,0
EricZorn,1,0
XTOTL,2,0
GovInslee,2,0
TuckerCarlson:,1,0
AmericanAir,1,0
British_Airways',1,0
DettolIndia,0,1
BreakfastNews,2,0
jonathanvswan's,1,0
SenatorBraun,1,0
Atlassian,0,1
tinaarceodumlao,1,0
weareoneEXO,3,0
"SteveScalise,",1,0
ICAICMA,1,0
RollingStone.,1,0
TwitterMoments:,1,0
TimesLIVE,1,0
deepikasingh150,0,1
NWVU_MFT,0,1
balachundhar,1,0
IkramShahrul,1,0
akhbar,1,0
Messenger,1,0
RoisinIngle,0,1
CAgovernor,1,1
FauciFan,1,0
GlblCtzn,3,0
kasie,1,0
tabletmag,1,0
GregAbbott_TX?,1,0
newscomauHQ,0,1
"TELUS,",1,0
GovernmentZA,1,0
DanaSpinant,1,0
AshwiniKChoubey,1,0
JennPellegrino,1,1
safoodbank,1,0
abc15,1,0
CMO_England,2,0
"WalibiHolland,",0,1
GOP,3,3
jenisicecreams,0,1
harari_yuval,1,0
MattGelb,1,0
paulaforbes.,1,0
POTUS's,1,0
julianknight15,1,0
"benshapiro,",0,1
realdonaldtrump.,1,0
"TigerWoods,",1,0
BrunoMars',0,1
EaterDetroit),1,0
ms_kini.,1,0
TheLancet:,1,0
LovedayM,1,0
lawrence,1,0
NanHayworth,0,1
Coach_EdOrgeron,1,0
RoweSantos,1,0
SolidFooting,0,1
prayutofficial.,1,0
RadioPakistan,1,0
NigeriaGov,3,1
Tori_Longdon,1,0
outkick,1,0
CNNopinion,1,0
TSeries,1,0
govkristinoem,0,1
IIGCCnews,1,0
VP?,0,1
Lin_Manuel,0,1
BFMTV,1,0
Pinche_Pi,1,0
LivUni,1,0
fema's,1,0
LiamPayne,1,0
"Be0ptimus/@FirehouseStrat,",0,2
GovRonDeSantis,8,5
JacquiLambie,1,0
GMB,4,0
"WHO,",1,0
prioritiesUSA,0,1
maristpoll/@NBCNewYork,1,0
NY1,1,1
AMBaloni,1,0
City_Press,0,1
PaulaReidCBS,0,2
ugc_india,1,0
TelanganaDGP,1,0
PorscheRaces,1,0
DanCGoldberg:,1,0
PramilaJayapal,1,0
ABC7,1,0
MorningsMaria,1,1
NZUNGVA,1,0
DisrnNews,1,0
"Macklemore,",1,0
KUNC,1,0
StephenFarryMP,1,0
IvanOkuda,1,0
Fox411),1,0
"FaceTheNation,",0,1
l_e_whyte,0,1
DailyCaller,2,0
MegTirrell,1,0
sp_tirupathur,1,0
robertjeffress!,0,1
DailyReport,1,0
Our_DA,1,0
_iancruz,0,1
MLS,1,0
RachelStaunton,1,0
zhandercayabyab,1,0
Akisawandera,1,0
SamCoatesSky,0,1
Youtube,0,1
suhaunah,1,0
MRC_Outbreak,1,0
NanWhaley,1,0
BorisJohnson,28,1
MaziNnamdiKanu,0,1
msdhoni,1,0
NBCNews',1,0
S10Bird,0,1
SenKokoPimentel,1,0
ASlavitt:,1,0
hselive,1,0
Santucci,3,0
mrjamesob,0,1
cchoirat,1,0
BITC,1,0
NHSuk,2,1
AshleyRParker,2,1
SundayIndy,0,1
RotimiAkeredolu,2,0
okaytobesmart:,1,0
SundayTimesZA,1,0
"Mike_Pence,",1,0
OfCom?,0,1
StCollinson.,1,0
CBCNews.,1,0
ShippersUnbound,1,0
jpm25).,1,0
rabrowne75.,1,0
"StateHouseKenya,",0,1
educationgovuk,0,1
washtimes,4,1
JagSinghMD,1,0
dcms,1,0
chronicleherald,0,2
elrufai,2,1
US_FDA,2,1
nature,2,0
carolecadwalla,1,0
bopinion,1,1
"elrufai,",1,0
JYPETWICE,1,0
SamaritansPurse,3,0
nhendren82,1,0
CFigueres,1,0
VanderbiltU,1,0
"GStephanopoulos,",0,1
melindagates,1,0
SadhguruJV,1,0
DonaldTrump,1,0
AriMelber,1,2
DouthatNYT:,0,1
NPR,2,0
DrFullertonMPP,1,0
PearsonSharp,2,0
LeonHendrix,1,0
GlblCtzn‚Äôs,1,0
kilimoKE,1,0
PMOIndia,7,0
BorisJohnson's,1,0
survation,1,0
ApplePodcasts‚ÄºÔ∏è,1,0
kilmeade,1,0
realDonaldTrump...who,1,0
BellaCanvasLA,1,0
SenateGOP,2,0
EugeneJarecki.,0,1
JesseRogersESPN.,1,0
maddow),0,1
NABJSports,0,1
bristimtom,1,0
uk_theatre,1,0
Royals,0,1
afneil,1,0
fordfund_,1,0
ProfBrianCox,1,0
BSYBJP,0,1
SenSchumer,1,0
Lancegooden,0,1
RonDesantisFL,0,1
iHrithik,1,0
CNNPR,0,1
marty_walsh.,1,0
michelleobama.,1,0
KevinQ,1,0
ScottMorrisonMP,1,1
Survation,1,0
SenBlumenthal,1,0
pradipsinhguj,1,0
RachakondaCop,1,0
onedirection,1,0
bloomfield_stan.,1,0
MatthewKawahara,1,0
NCAA,1,0
united,1,0
mrc_ieu,1,0
Reuters,3,0
"realDonaldTrump,",5,2
AustralianLabor,1,0
BBCr4today,3,0
"FoxNews,",1,0
NavigatorSurvey,1,0
DCMS.,1,0
sxbegle,1,0
"GovMurphy,",1,0
"JoeBiden,",2,0
911CORLEBRA777,1,0
senatemajldr's,1,0
CMODelhi,1,0
Acosta.,1,0
CNNTonight,1,0
CNNSOTU:,0,1
Wipro,0,1
JanklowNesbit,1,0
annafifield,1,0
mgmadvertiser,1,0
IDSAInfo,1,0
VaughnHillyard,2,0
nbcnews,2,1
AbnerMercado,1,0
davidgshortell,1,0
"SecretarySonny,",1,0
tes,1,0
GretchenVogel1,1,0
jpsaxe,1,0
KENS5,1,0
Ford,1,0
JHUSystems),1,0
WHO-@UNICEF-Lancet,1,0
"sam_vinograd,",0,1
TheSpinoffTV.,1,0
Dr_PhilippaW,1,0
THSHBirmingham,1,0
GYamey,1,0
stephaniemlee,1,0
"SecPompeo,",0,1
Zachary,0,1
JennieSTaer,1,0
matthabusby,1,0
christufton,3,0
ABSCBNNews,1,0
SrBachchan,1,1
SoFlaFair,1,0
nationalpost,1,0
Rabs_AA,1,0
TuckerCarlson.,1,0
WWJ950,1,0
laura_olias,0,1
InquirerBiz,1,0
NRA,1,0
ChandnaHimani,1,0
imperialcollege‚Äôs,1,0
CNN:,6,1
SenateMajLdr,2,0
Ken_Rosenthal),1,0
itscaitlinhd,0,1
DerPolDroneUnit,1,0
timesofindia,1,0
KLoeffler,1,0
NYCMayor,3,0
i24NEWS_EN,1,0
HJS_Org,1,0
yourrightscamp,1,0
rachaelmoses,1,0
KNSMOH,1,0
MOH_Kenya,4,0
MollyJongFast,1,0
MikeBloomberg‚Å©,1,0
AcademicChatter,1,0
Salon,1,1
DrKevinSchwartz,1,0
swin24,1,0
AmitShah.,0,1
CBCKids,1,0
ProfBrianKalt:,1,0
TelanganaCMO,1,0
PDRMsia,1,0
Benarasiyaa,1,0
cbchh,1,0
AP,5,1
IssaRae:,1,0
Sflecce,1,0
JACCJournals,1,0
DHSCgovuk,11,0
ericgarland,1,0
RichardEngel,1,0
TonyGoldwyn,1,0
POTUS?,1,0
CatawbaCounty,1,0
HIVTox,1,0
Garethjgriffith,1,0
KristiNoem,1,0
BDliveSA,0,1
TinaAguayoTV,1,0
loonatheworld,1,0
GovNedLamont,0,1
WomenFacultyMD,1,0
scottishautism,1,0
campbellclaret,1,0
OregonGovBrown,1,0
ChhattisgarhCMO,0,1
Newzroom405,1,0
juliacraven,1,0
AshaRangappa_,1,0
mantaichow,1,0
SB19Official,1,1
"NigeriaGov,",1,0
annecurtissmith,1,0
ONS,1,2
KFILE,1,0
OfficialBHAFC,1,0
joeykrug,0,1
blythemasters‚Å©,1,0
LAPDHQ,1,0
Jacob_Rees_Mogg,1,0
FoxNikkiFox,1,0
WOODTV's,1,0
SenatorBurr,1,1
Bowenchris,0,1
GGuvamatanga,1,0
ShamikaRavi,1,0
bgtennisnation,1,0
CDCgov,13,1
EricTopol,2,0
cnni,2,0
JohnIsner,1,0
rafalab,0,1
MarquardtA,0,1
venessawong,0,1
Rashousmane,1,0
Iamrahulkanal,1,0
ValerieJarrett,1,0
NYTupshot,1,0
KaraScannell,1,0
doctor_oxford.,0,1
SundayDareSD,1,0
Taylor_Fritz97,1,0
Peter_Wehner.,0,1
senjudiciary,0,1
boniver,1,0
"SecGeneScalia,",1,0
DBeekman,0,1
_EmmanuelMorgan,1,0
USATODAY,2,0
PIH.,1,0
NemaKenya,1,0
"GovTimWalz,",1,0
BronxZoo,1,0
coronavirus,2,0
"CDCDirector,",1,0
andrewprobyn,1,0
TheAtlantic,2,1
Andy,1,0
WeBMScientists,1,0
MariannaNBCNews,0,1
SaveChildrenNG,0,1
konkrumah,1,0
khnews,1,0
cia,1,0
drharshvardhan,1,0
MoJGovUK,1,0
"Ciara,",1,0
Ryanair,0,1
forbes,2,0
NASCAR_Trucks,1,0
LAFC,1,0
"DHS_Wolf,",1,0
shailagarde,8,0
stillwaterwill,0,1
SteveEder,2,0
piaranada,0,1
"YouGovUS/@TheEconomist,",1,0
M_P_Jeffries:,1,0
FLOTUS,1,0
"CyrilRamaphosa,",0,1
kroger,1,0
GovHolcomb,1,0
hillelneuer:,0,1
GovEvers',1,0
ASLIuk,1,0
BW,2,0
GuyBensonShow,1,0
PressSec,1,6
tortoise,1,0
DeniseDSLu,1,0
HoustonChron.,1,0
rvsmtown,1,0
ScienceMagazine,1,0
Mike_Pence,2,3
DanPatrick,1,0
"SenateDems,",1,0
paulroyall,1,0
SenKamalaHarris,1,0
MBChinoLeyco,1,0
UVRIug,1,0
ewarren,1,1
BARDA,1,0
GTUoffice,1,0
agot_isidro,1,0
AndrewYang,1,0
INechepurenko,1,0
whitehouse,1,0
priyankac19,1,0
babylifeline,1,0
"PrometricGlobal,",1,0
YoungScot,1,0
ThisWeekABC,2,0
RaedHaydar98.,1,0
normaburke,1,0
RyanBlethen),1,0
heatherscope,0,1
SwedishPM,1,0
"BBCCiN,",0,1
MFATNZ,1,0
RudyGiuliani,0,1
drsanjaygupta,4,1
sarahknapton,1,0
tommorris32,0,1
WestMidHospital,1,0
"TheUSMLE,",1,0
LFC,0,1
JulieNBCNews,1,0
AmyMcGrathKY,1,0
ganjarpranowo,1,0
"OrangeCoFL,",1,0
joeliveline,3,0
smh,1,0
"MBuhari,",1,0
"BlessinBackpack,",0,1
MaeveReston,0,1
MBuhari's,1,1
PatrickMcEnroe,1,0
liberal_party,1,0
SharylAttkisson,1,0
janedutton,1,0
"realdonaldtrump,",1,1
lindsemcpherson,1,0
pushpanarayan,1,0
ProjectMUSE,1,0
Wikipedia,2,0
jacquemanabat,0,1
benjaminchapman,1,0
MountSinaiNYC,1,0
samleesong,1,0
"GeraldoRivera,",0,1
nadhimzahawi,1,0
"aoc,",1,0
LBC,3,0
NYTimesAtWar:,1,0
"JoyceMurray,",1,0
Jomunji,0,1
GovTimWalz,1,0
LindseyGrahamSC.....,1,0
FSB_policy,1,0
MikeGarcia2020,1,0
nicchik90,1,0
British_Airways,0,1
CIHhousing,1,0
"RepLizCheney,",1,0
"LtGovGilchrist,",1,0
ProfOsinbajo,0,1
ernestofaraujo.,1,0
ahmednasirlaw,1,0
"Achyuta_Samanta,",1,0
HarveyWeinstein,1,0
SInow,0,1
bmj_latest,1,0
TheSocialInvest,1,0
martinsavidge,1,0
GFRDofficial,1,0
BettyBowers,1,0
mikenavallo,1,0
iamrapaport,1,0
australian,1,0
DevinNunes,0,1
EricLiptonNYT,2,0
DHSgov,1,0
PiyushGoyal,1,0
NHSMillion,0,1
CovidReady,1,0
maracepeda,1,1
rcmpgrcpolice,1,0
Alexsapienza,1,0
SecretaryCarson,1,3
charli_xcx,1,0
InProportion2,2,0
WCDCgGov,0,1
SecPompeo,2,0
mtosterholm,1,0
ParkBoard,1,0
patrickbrownont,1,0
MbalulaFikile,1,0
ClaudiaMcleg,1,0
CityofDetroit,1,0
KKMPutrajaya,2,0
TheTimes,1,0
WasilewskaEU,1,0
ocregister,2,0
_neilbedi,0,1
TIME,2,0
"ScienceMagazine,",0,1
randikayeCNN,0,1
ExCeLLondon,1,0
"FBI,",1,0
albamonica,0,1
bankofcanada,1,0
callofduty:,1,0
AmbassadorRice's,1,0
Stadium.,1,0
tomaspueyo,2,0
lyceumtheatre,1,0
"leanne_e_brown,",1,0
AC360,0,1
UNBiodiversity,1,0
JRubinBlogger,0,1
PubPeer:,1,0
benshapiro,0,1
KerpenPeter,1,0
zoesam93,1,0
SudanPMHamdok,1,0
TheBMA,1,0
timspector,1,0
Be0ptimus/@FirehouseStrat,0,1
CrainsDetroit:,0,1
BBCPolitics,1,0
DDNewslive,2,0
GovUmarGanduje,1,0
Helentbbc's,1,0
saurabhtop,0,1
PNASNews,1,0
voxdotcom,0,1
DoNotPayLaw,1,0
jeremyherb,1,0
Vijayabaskarofl,1,0
HHSGov,2,0
UniofOxford,2,0
Cmkahn,0,1
KarlTowns‚Äô,0,1
KeishaBottoms,1,0
trtworld.,0,1
DeptofDefense,1,0
FourthWatch:,1,0
Lord_Sugar,1,0
nicoleperlroth,1,0
russellberman,0,2
dbongino,0,1
FOXLA,2,0
talkRADIO,1,0
BBCFergusWalsh,1,0
"nytimes,",1,0
DrNoorAzmi,1,0
GregTorode,1,0
ULHospitals,0,1
BBCNewsnight.,0,1
"planetmoney,",1,0
"GovEvers,",1,0
Slate,1,0
TomPelissero,1,0
SecAzar?,0,1
Xfinity,1,0
EliseDunweber,1,0
edvaizey,1,0
michaelcrow‚Äôs,0,1
BennieGThompson,1,0
JasonFelix,1,0
10DowningStreet,5,0
cbseindia29,2,0
jilliandempster,1,0
Potus,1,0
blackrock,1,0
MikeDeWine,1,0
Alexandria__W,1,0
WeHCScientists,1,0
sarahwollaston,1,0
TheJusticeDept,1,0
comicrelief,0,1
DanielNMiller,1,0
henryolsenEPPC:,0,1
TonyFergusonXT),1,0
GovWhitmer,4,1
thejasonhopkins,0,4
justinsuntron,1,0
AFP,2,0
rahulkanwal.,1,0
airnewsalerts,1,0
GovWhitmer‚Äôs,1,0
CyrilRamaphosa's,0,1
Conservatives,1,0
UNSWMedicine,1,0
DHS_Wolf,0,1
maggieNYT:,1,0
AToros_Official,1,0
_carlbeck,0,1
ScienceVisuals,1,0
emilymshields,1,0
thr,1,0
CBSNews,3,0
AppleSupport,1,0
YaranWatan,1,0
chefjoseandres,1,0
rdash_nhs,1,0
GretaThunberg,1,0
piersmorgan,14,0
WilliamsRacing,1,0
aaeminfo,1,0
MarosSefcovic,1,0
"CityAttorneyLA,",0,1
gaslitnation,1,0
MatthewStadlen,0,1
BlueAngels.,1,0
JonHeyman.,0,1
GiuseppeConteIT,1,0
CMOKerala,1,0
SafeSpeak,1,0
HudsonInstitute,1,0
sarahnferris,0,1
"PearlJam,",1,0
DrEricDing),1,0
NosyCrow.,0,1
DanaBashCNN,1,0
DrTedros!,1,0
LukeLBarr,1,0
andrewcuomo,1,0
boback,1,0
"GOP,",1,0
NewStatesman,1,0
rameshmashelkar,1,0
latikambourke,1,0
"MagufuliJP,",0,1
KarusiProvince,1,0
eval_gpf,1,0
.,1,0
Uppolice,1,0
stevenmnuchin1:,1,0
JohnsHopkinsEPI,1,0
"ahauslohner,",1,0
"RishiSunak,",1,0
CMOMaharashtra,3,1
SCBriand,0,1
John_Kass,1,0
wythsalt,0,1
DrJoeHanson,1,0
CountDankulaTV,1,0
AprilDRyan,1,0
FT).,1,0
UNICEF_uk,1,0
edinburgh,1,0
PorscheNARacing,1,0
foofighters‚Äô,0,1
LaurentDTardif,1,0
jyotik,1,0
TiffanyDCross,0,1
megtirrell,1,0
JoeBiden,13,0
BT_India,1,0
SecretarySonny,1,0
GovofCO,1,0
FlyEIA,1,0
ryanobles,2,0
ttindia,1,0
shearm,1,1
FT,9,0
cbcnews,1,0
MaEllenSirleaf.,1,0
NYGovCuomo,9,0
NJCAA,0,1
PhonePe_.,0,1
vanparkGM,1,0
valeriestrauss,1,0
ameenex,1,0
UN,5,3
SuellaBraverman,1,0
laoneill111,1,0
CBItweets,1,0
RishiSunak:,0,1
IITHyderabad,1,0
CPHO_Canada,3,0
AstraZeneca,1,0
AlibabaGroup,1,0
NYTimes,3,1
gcaw),1,0
BillGates.,1,0
doug_hanks),1,0
jeffcanoy,0,1
seattleflustudy,1,0
NIH,2,0
Spotify.,0,1
LisaLShumaker,1,0
"MacTXPress,",1,0
BilldeBlasio,0,1
911LAPD,1,0
David_Ornstein,1,0
TheKeralaPolice,1,0
CommonsTreasury,1,0
ianpaynesport,1,0
alexismadrigal,1,0
maha_governor,1,0
gatesfoundation,4,0
TOICitiesNews,0,1
gatewaypundit,17,0
rapplerdotcom,2,0
zartajgulwazir,1,0
"TuckerCarlson,",1,0
reyaika,1,0
HMOKUNOLA1,1,0
TheSpinoffTV,1,0
OxPsychiatry,1,0
mvankerkhove,1,0
SecretaryRoss:,1,0
PreetKGillMP,1,0
FortuneMagazine,1,0
melissadderosa,1,0
"AlexBerenson,",1,0
NYCYouth,1,0
MayorDanGelber:,0,1
cmyeaton,1,0
youyanggu,1,0
astiksinha.,1,0
Ron_Nirenberg,2,0
michaelstepner,1,0
CraigMish,0,1
AIMH_UK,1,0
ThePrintIndia,2,0
PeopleDailyKe,1,0
kennedystewart,1,0
"BernieSanders,",1,0
SenatorSinema,1,0
MTNNG,2,0
NickKristof,1,0
EFL,1,0
jennfranconews,1,0
Louis_Tomlinson!,1,0
DrewGriffinCNN,1,0
EkoHotels,1,0
USMC,1,0
ImranKhanPTI,1,0
WHO@rd_blueprint,1,0
fujikyunow,1,0
NIHRresearch,1,0
HouseGOP,2,0
SebastianEPayne,1,0
JackMa,1,0
lennycurry,0,1
kickstarter,1,0
DanCrenshawTX,0,1
AnnastaciaMP,1,0
IlhanMN,0,1
CMichaelGibson,2,0
WorksafeCA,0,1
Griffin,0,1
MekkiAbdellatif,1,0
OCFLMayor,1,0
floridachannel,2,2
jeremyphoward,2,0
docjohnwright,1,0
UNFCCC,1,0
LSHTM,1,0
scotgovfm,1,0
"antonioguterres,",2,0
Lawrence,0,1
michael_steel,1,0
YouthlinkScot,1,0
donatopmancini,1,0
BrandyZadrozny,0,1
NicolleDWallace,0,2
zlj517,1,0
KanostateNg,1,0
hydcitypolice,1,0
CMOTamilNadu,2,0
LSU,1,0
kaitlancollins,1,0
davidmackau,0,1
KHNews,1,0
DLawrenceOBE,2,0
ShamsCharania,1,0
KGeorgieva,0,1
AngieSadeghi,1,0
TheEconomist,2,0
RepDanCrenshaw,0,1
RidgeOnSunday,0,1
dougducey,1,2
ckubeNBC,1,0
natassiazc,1,0
ProfileBooks,1,0
TorontoStar,2,0
SenMcSallyAZ,0,1
boulware_dr,1,0
PrabhashRinkoo),1,0
glblctzn,3,0
GOP?,1,0
parscale!,1,0
PeterDutton_MP,1,0
"PeterDaszak,",1,0
MyVOCSN,0,1
mybmc,4,1
ReisThebault,2,0
"theLancet,",1,0
NPR:,0,1
BritHume,1,0
enews),1,0
NSERC_CRSNG,1,0
nancyayoussef,0,1
FEMA,2,1
BethMarieMole,2,0
MeatInstitute,1,0
NGRPresident,2,1
ImranKhan,1,0
daktari1,1,0
POTUS,22,5
TheJeremyVine,1,0
GovParsonMO,1,0
mariachin,1,0
GovAbbott,4,0
Rwakakamba,1,0
SenSanders,1,0
SetuAarogya,1,0
thefamilycoach,1,0
mcten),1,0
CAGOP,0,1
cj_dinenage,1,0
morningireland,1,0
JPosnanski,0,1
_AnimalAdvocate,1,0
BorisJohnson‚Äôs,1,1
nadiasussman,1,0
kwelkernbc:,1,0
HETimipreSylva,1,0
WFP,1,0
UNIDOHappiness,1,0
ABDanielleSmith,1,0
KTRTRS,1,0
iflymia,1,0
EnterpriseFL.,0,1
AndrewLamingMP,1,0
CurlyJungleJake,1,0
"peoplebiz,",1,0
FDNY,1,0
SBSNews,1,0
IanEsguerra,1,0
CityLittleRock‚Äôs,1,0
MBuhari,10,2
OpenUniversity,1,0
CarolineYLChen.,1,0
Costco,1,0
jennagiesta,0,1
alexazura:,0,1
PressSec:,0,2
jcouzin,1,0
ProjectLincoln,2,1
OfficialAPCNg,1,0
BIDMChealth,1,0
FoxNews,2,0
emsteck:,1,0
gbenga_omo,1,0
KELINKenya,1,0
DoubleDownNews,1,0
myogiadityanath,0,2
CBSDenver,1,0
AmdavadAMC,1,0
AbikarDr,1,0
latest_chika,1,0
JakeTapper,1,0
SCSC_Cyberabad,1,0
Dorsetecho.,1,0
CDCgov:,1,0
AyannaPressley,1,0
GEHealthcare,1,0
ChakmakCG,0,1
nytDeniseGrady,0,1
KoreanGolfNews,0,1
DRCOhio,1,0
AZDHS,2,1
MLB_PLAYERS,0,1
PeterAtlantic,0,1
HamsonObua,1,0
JoeBiden.,2,1
OfficialDLive,1,0
GovAbbott‚Äôs,1,0
PremiumTimesng,1,0
PoliceNG,4,1
lapublichealth,1,0
BGEA,1,0
JohnsHopkins,2,0
"RidersAlliance,",0,1
TheAtlantic.,1,1
CMRamosINQ,1,0
AlboMP,1,0
Fmohnigeria,1,0
themohwgovjm,1,0
"Parkland,",1,0
moderna_tx,1,0
felicis.,1,0
WBHM,1,0
BBCiPlayer:,1,0
AmeshAA,1,0
GovRicketts,1,0
NRCC,0,1
pravintalan,1,0
NewYorker:,1,0
JoshFrydenberg,1,0
The_IoD,1,0
RepDLesko,1,1
abebrown716,1,0
LSRPlaid,1,0
UnivofGh,1,0
DrTedros,11,0
HumanRightsCtte,1,0
CellCellPress,1,0
ShaunLintern.,0,1
Asad_Umar,1,0
DrZweliMkhize,2,0
maggieNYT‚Å©,0,1
BethRigby,2,0
ronan_glynn,1,0
tom_orsborn.,1,0
maitlis,3,0
UN.,1,0
Poole_Hospital,1,0
christopherhope.,1,0
realDonaldTrump...when,0,1
ubeleinitiative,1,0
EITC,1,0
ANI,5,0
StephenNolan,1,0
BillGates,1,0
LizSly,1,0
"viagogo,",0,1
gavi,1,0
MirYanaSY,0,1
UKLabour,2,0
DrEricDing,1,0
shaileshNBT,1,0
globacomlimited,0,1
LaurenLeatherby,1,0
UKDeafCouncil,1,0
businessinsider,2,1
EricSchmittNYT,1,0
"GoodSamApp,",1,0
TheLallantop,0,1
realdonaldtrump,8,5
antonioguterres,2,0
"Presidence_RDC,",0,1
"WhiteHouse,",1,0
"AndyBounds,",1,0
TheEconomist.,1,0
NHSTayside,0,1
DrCaraChrist,1,1
scroll_in,0,1
"LSMOH,",1,0
nfergus,1,0
Tennessean.,1,0
AlanDukeNews,1,0
CYBTRAFFIC,1,0
MuhyiddinYassin,0,1
jovicyeeINQ,1,0
WolfgangFeist,1,0
houstonchron,0,1
Oregonian:,0,1
GSF_OpenTexas,1,0
i40publishing,1,1
CNNOpinion,0,1
StCollinson,1,0
WHCA,1,0
TimesDemocracy,4,0
Eval_Youth,1,0
MoHFW_INDIA,1,0
"BuzzFeedNews,",0,1
DBTIndia,1,0
ncasenmare,1,0
fordnation.,1,0
petra_khoury,1,0
tedcruz,2,0
standamericanow,0,1
UHDBTrust,1,0
BrooksNewmark,0,1
Sir_David_King,1,0
realDonaldTrump‚Äôs,11,3
JonAshworth,2,0
BrookingsInst,1,0
fortis_hospital,1,0
musichealthall.,0,1
donlemon,2,1
mieknathshinde,1,0
"Ilhan,",1,0
DTA,0,1
EdMarkey,0,1
"rafalab,",0,1
HBO,1,0
CMOGuj,1,0
RacingPointF1,1,0
MLB,0,1
JMAurelioINQ,2,0
sambitswaraj,1,0
7NewsCQ,1,0
SarahWaltonNews),0,1
LiamFox,1,0
AmyKlobuchar,1,0
amazon.,1,0
T2TupasINQ,0,1
cobarnes27,0,1
sarkodie,1,0
StaplesCanada,1,0
Aceh,1,0
VPPressSec,1,0
IraHeatBeat.,0,1
natashaldaly,1,0
Google,1,0
CDPHE,1,0
NCDCgov.,1,0
TorontoStar:,1,0
RepAndyBiggsAZ:,0,1
davido,1,0
IMSA,1,0
natwolfe94,0,1
narendramodi.,2,0
EvanDrellich,1,0
TheLancet,1,0
vijayrupanibjp,0,1
imperialcollege,1,0
SolomonYue,1,0
FareedZakaria,1,0
MinofHealthUG,2,0
UsforThemUK,0,1
RishiSunak,3,1
CharlieBakerMA,1,0
GovAbbott.,0,1
therealboon,1,0
sopharela.,1,0
weijia,3,0
"MittRomney,",1,0
GregAbbott_TX!,1,0
sidharth_shukla,1,0
RepGrothman,0,1
covid19,3,2
Bournemouthecho,1,0
icmr_niv,1,0
RalphNortham,1,0
jaydostal,1,0
RCSI_Irl,1,0
ucsfhospitals.,1,0
Public_Citizen.,1,0
detroitnews,1,0
The_DSD,1,0
emmersbrown,1,0
netta_doc,1,0
DOHgovph,1,0
sandygrains,1,0
UArizonaPres,1,0
WHO's,1,1
seattletimes,0,1
BillOReilly?,1,0
sloumarsh,1,1
inamitchellfilm),1,0
RobertMuhangi2,1,0
NFA_ALMOs,1,0
bjorkmanlab,0,1
IngrahamAngle,1,0
MKKyari,1,0
nda_rsa,1,0
"AndrewHolnessJM,",1,0
MitchOFarrell,1,0
GavinNewsom‚Äôs,0,1
ryanbrooks,0,1
DominicRaab,4,0
VaushV,1,0
connorobrienNH,1,0
AppleMusic,1,0
JudyWoodruff,1,0
"SpeakerPelosi,",1,0
JeffDSachs,1,0
PatsKarvelas,1,0
NicolaSturgeon,4,1
HSJnews,1,0
farooq_pm,1,0
NYGovCuomo's,0,1
JMBooyah,1,0
RobRobbEdwards,1,0
CanadianPM,1,0
DouglasKMurray,1,0
"nyulangone,",1,0
Joseph_Morong,0,1
annamphillips:,1,0
_pauljoyce,1,0
KellyO,1,0
leighsales,1,0
Twitter,1,0
Nanjala1,1,0
JoelAchenbach,1,0
TheCW,1,0
NYDailyNews:,1,0
raffsantos,1,0
BretBaier,0,1
xandvt,1,0
FrankTumwebazek,1,0
Harvard,1,1
LeilasINQ,1,0
RollingStone,1,0
